scenario,scenario_no,strategy,seed,trees_initial,trees_saved,pct_forest_saved,t_contain,contained,agents_lost,mean_belief_staleness,astar_nodes_expanded,ucs_nodes_expanded,astar_calls,cells_extinguished,firebreaks_cut,messages,score,steps,runtime_s
calm_single,1,independent,0,2061,288,13.973799126637555,300,False,0,129.598205665712,4058,36002,1136,48,7,1718,-0.1021834061135371,300,0.8273360000021057
calm_single,1,independent,1,1988,48,2.414486921529175,300,False,0,129.36942617525537,3721,23495,1037,61,9,1718,-0.1830985915492957,300,1.318655500002933
calm_single,1,independent,2,2002,237,11.838161838161838,300,False,0,140.86596850554946,3833,17316,1175,64,3,1718,-0.1171328671328671,300,0.8013169000005291
calm_single,1,independent,3,2049,60,2.928257686676428,300,False,3,135.59334141957197,7865,17751,916,57,4,1718,-0.239502196193265,300,1.0613402999988466
calm_single,1,independent,4,2018,510,25.27254707631318,300,False,0,131.3819231767739,4086,16193,1307,31,3,1718,-0.0230921704658077,300,0.8317739999984042
calm_single,1,independent,5,2016,138,6.845238095238095,300,False,1,124.75581965543635,3708,33344,1001,55,3,1718,-0.1720833333333333,300,1.237797199999477
calm_single,1,independent,6,2047,357,17.440156326331216,300,False,4,132.24221453287197,3627,18233,1105,31,2,1718,-0.1579189057156815,300,0.7701596000006248
calm_single,1,independent,7,2006,56,2.7916251246261217,300,False,0,129.49605908464713,3926,24220,1158,51,5,1718,-0.1804586241276171,300,1.3248057999990124
calm_single,1,independent,8,2026,27,1.332675222112537,300,False,0,137.06301702099853,3617,16711,1081,94,2,1718,-0.1906712734452122,300,2.3538190000035684
calm_single,1,independent,9,2046,90,4.39882697947214,300,False,0,138.26416486069357,3793,25308,1005,91,3,1718,-0.169208211143695,300,2.281562899999699
calm_single,1,independent,10,2052,17,0.8284600389863548,300,True,0,127.6770172341648,3750,37190,974,60,4,1718,-0.1942007797270955,300,2.296368300001632
calm_single,1,independent,11,2052,392,19.103313840155945,300,False,1,131.93595602302244,8334,18850,1079,47,6,1718,-0.0862768031189084,300,2.3494905999978077
calm_single,1,independent,12,1992,824,41.36546184738956,300,False,0,133.63965312523592,4250,25085,1241,34,3,1718,0.0895582329317268,300,2.5857066999997187
calm_single,1,independent,13,2006,194,9.67098703888335,300,False,0,130.37892845254635,3984,31534,1132,50,7,1718,-0.1323030907278165,300,2.424761400001444
calm_single,1,independent,14,2014,214,10.625620655412115,300,False,0,129.0683486594416,3924,16225,1211,31,3,1718,-0.1256206554121152,300,2.5032096000031743
calm_single,1,independent,15,1995,1243,62.30576441102757,300,False,1,128.16418792554282,3741,24737,1053,58,10,1718,0.2161403508771929,300,2.3127558000014687
calm_single,1,independent,16,2051,254,12.384202827888837,300,False,0,128.977395560999,3545,28820,882,91,13,1718,-0.1133105802047781,300,2.202336300000752
calm_single,1,independent,17,2049,265,12.933138116154222,300,False,0,124.5998388883088,4440,39698,1081,61,6,1718,-0.1094680331869204,300,2.305185100001836
calm_single,1,independent,18,2049,27,1.3177159590043923,300,False,0,127.82852337924636,3642,20992,1025,62,5,1718,-0.1907759882869692,300,2.2907758000001195
calm_single,1,independent,19,2034,991,48.72173058013766,300,False,0,127.71666592705375,4202,16728,1345,4,3,1718,0.1410521140609636,300,2.5133430999994744
calm_single,1,independent,20,2005,32,1.5960099750623442,300,False,0,126.431999766606,3832,24080,1097,58,2,1718,-0.1888279301745636,300,2.4043482999986736
calm_single,1,independent,21,2000,156,7.8,300,False,1,138.44425996807647,3740,21327,1051,86,3,1718,-0.1654,300,2.2343338999999105
calm_single,1,independent,22,2060,337,16.359223300970875,300,False,1,121.48751316565554,3044,27692,749,97,6,1718,-0.1054854368932039,300,2.01243070000055
calm_single,1,independent,23,2019,109,5.398712233779099,300,False,0,133.73190382186607,3600,16786,1037,51,8,1718,-0.1622090143635463,300,2.199499499998637
calm_single,1,independent,24,2006,234,11.665004985044863,300,False,0,129.35764284770772,3910,18407,1167,46,3,1718,-0.1183449651046859,300,2.3494069000007585
calm_single,1,independent,25,2050,510,24.87804878048781,300,False,0,131.734406458192,4300,21924,1268,33,2,1718,-0.0258536585365853,300,2.413725499998691
calm_single,1,independent,26,2054,540,26.29016553067186,300,False,1,138.74450003612998,4325,50595,895,84,16,1718,-0.0359688412852969,300,2.199241099999199
calm_single,1,independent,27,2072,483,23.31081081081081,300,False,0,137.88147018304443,3615,15737,1095,86,9,1718,-0.0368243243243243,300,2.220409000001382
calm_single,1,independent,28,2050,424,20.682926829268293,300,False,2,129.23291300923623,4347,65031,757,64,5,1718,-0.0952195121951219,300,2.0560261999999057
calm_single,1,independent,29,2005,224,11.17206982543641,300,False,0,142.37487193485205,27504,41086,1098,56,1,1718,-0.1217955112219451,300,2.432610800002294
calm_single,1,greedy,0,2061,595,28.869480834546337,300,False,1,54.9236,15825,138770,392,68,24,3137,-0.0179136341581756,300,2.405872700001055
calm_single,1,greedy,1,1988,29,1.4587525150905432,300,False,2,62.42,181433,254870,434,48,18,3047,-0.2297887323943662,300,3.93940179999845
calm_single,1,greedy,2,2002,292,14.585414585414586,300,False,1,53.8928,14832,102095,467,64,19,3271,-0.1179020979020979,300,2.294558000001416
calm_single,1,greedy,3,2049,51,2.489019033674964,300,False,1,50.0732,39491,181452,504,52,12,3133,-0.2025768667642752,300,2.9361371000013605
calm_single,1,greedy,4,2018,611,30.277502477700693,300,False,0,54.196,16445,101695,543,59,13,3357,0.0119425173439048,300,2.369853799998964
calm_single,1,greedy,5,2016,157,7.787698412698413,300,False,2,50.4568,27346,97644,375,30,9,2837,-0.1854861111111111,300,2.3366669999995797
calm_single,1,greedy,6,2047,485,23.693209574987787,300,False,1,54.3872,9902,90269,472,49,8,3148,-0.0541475329750855,300,2.1789854999988165
calm_single,1,greedy,7,2006,54,2.691924227318046,300,False,2,53.73087705246296,5459,79691,370,61,5,2841,-0.2211565304087737,300,2.121526700000686
calm_single,1,greedy,8,2026,23,1.1352418558736426,300,False,1,52.08890668802563,30037,134027,555,46,11,3069,-0.2120533070088845,300,2.6638129000020854
calm_single,1,greedy,9,2046,87,4.252199413489736,300,False,0,47.0364,18885,151504,642,27,12,3306,-0.1702346041055718,300,2.762022299997625
calm_single,1,greedy,10,2052,105,5.116959064327485,300,False,0,47.588,57991,185845,566,87,30,3306,-0.1641812865497076,300,3.008139800000208
calm_single,1,greedy,11,2052,266,12.962962962962964,300,False,0,57.9652,409114,483201,513,41,13,3493,-0.1092592592592592,300,6.258267100001831
calm_single,1,greedy,12,1992,915,45.93373493975904,300,False,1,56.9036,11200,113062,445,102,21,3163,0.1015361445783132,300,2.198166999998648
calm_single,1,greedy,13,2006,120,5.982053838484546,300,False,0,51.4836,20013,129809,465,43,10,3324,-0.1581256231306081,300,2.621297000001505
calm_single,1,greedy,14,2014,65,3.227408142999007,300,False,0,46.838,26116,160941,507,51,12,3456,-0.1774081429990069,300,2.749447099999088
calm_single,1,greedy,15,1995,1146,57.4436090225564,300,False,1,47.1004,18543,122205,406,60,23,3435,0.1821052631578946,300,2.185266100001172
calm_single,1,greedy,16,2051,226,11.019015114578254,300,False,0,47.7628,21709,123048,471,107,26,3281,-0.1228668941979522,300,2.3422390000014275
calm_single,1,greedy,17,2049,2008,97.99902391410444,67,True,0,22.89211618257261,1263,15933,94,24,6,835,0.6413265007320644,67,0.4274729999997362
calm_single,1,greedy,18,2049,127,6.198145436798439,300,False,0,49.1,14829,156716,543,77,21,3339,-0.1566129819424109,300,2.784239299999172
calm_single,1,greedy,19,2034,1041,51.17994100294985,300,False,2,67.5964,11874,101406,439,77,28,3198,0.1182595870206489,300,2.065588999997999
calm_single,1,greedy,20,2005,264,13.16708229426434,300,False,1,49.4656,12819,124696,373,78,11,3164,-0.1278304239401496,300,2.4085027999972226
calm_single,1,greedy,21,2000,144,7.2,300,False,0,50.9436,40742,182325,492,51,9,3272,-0.1496,300,2.7760253000014927
calm_single,1,greedy,22,2060,533,25.87378640776699,300,False,2,52.3452,31861,134336,342,76,20,3069,-0.0588834951456311,300,2.28795750000063
calm_single,1,greedy,23,2019,106,5.250123823675087,300,False,1,49.2844,76323,130870,552,56,11,3016,-0.1832491332342744,300,2.8745404000001145
calm_single,1,greedy,24,2006,231,11.515453639082752,300,False,0,49.678,15103,104189,485,108,9,3354,-0.1193918245264207,300,2.366771400000289
calm_single,1,greedy,25,2050,494,24.09756097560976,300,False,3,60.0544,182779,249413,398,50,7,2983,-0.0913170731707317,300,3.901941700001771
calm_single,1,greedy,26,2054,446,21.713729308666014,300,False,2,45.948,11478,90616,348,52,12,3037,-0.0880038948393379,300,2.165529800000513
calm_single,1,greedy,27,2072,450,21.71814671814672,300,False,0,54.3088,429068,527581,636,54,8,3420,-0.0479729729729729,300,6.726028799999767
calm_single,1,greedy,28,2050,291,14.195121951219512,300,False,1,54.1128,18256,153989,382,67,17,3065,-0.1206341463414634,300,2.441816900001868
calm_single,1,greedy,29,2005,262,13.067331670822943,300,False,2,65.7784,21498,144175,393,76,11,2985,-0.1485286783042394,300,2.649015300001338
calm_single,1,auction,0,2061,215,10.431829209121783,300,False,1,52.3404,21790,102245,511,54,17,3272,-0.1469771955361475,300,2.6354651000001468
calm_single,1,auction,1,1988,39,1.9617706237424548,300,False,1,47.9324,54905,211107,479,96,25,3599,-0.2062676056338028,300,2.97008790000109
calm_single,1,auction,2,2002,290,14.485514485514486,300,False,0,46.582,41297,148667,451,85,24,3564,-0.0986013986013986,300,2.70017530000041
calm_single,1,auction,3,2049,38,1.8545632015617373,300,False,2,57.7096,54220,199235,437,62,13,3549,-0.2270180575890678,300,3.3281120999999985
calm_single,1,auction,4,2018,584,28.93954410307235,300,False,1,55.8036,54481,210629,530,77,17,3812,-0.0174231912784935,300,3.13864409999951
calm_single,1,auction,5,2016,189,9.375,300,False,1,56.6036,20540,153522,428,33,16,3110,-0.154375,300,2.5205625999988115
calm_single,1,auction,6,2047,483,23.59550561797753,300,False,1,51.9076,16261,104797,562,56,8,3300,-0.0548314606741573,300,2.4974087000009604
calm_single,1,auction,7,2006,51,2.542372881355932,300,False,2,50.4268,23921,103117,412,50,11,2895,-0.2222033898305085,300,2.379218199999741
calm_single,1,auction,8,2026,18,0.8884501480750246,300,False,1,53.29875851021225,52158,166259,514,32,13,3153,-0.2137808489634748,300,2.9029506999977457
calm_single,1,auction,9,2046,92,4.496578690127077,300,False,0,52.1048,39247,200891,623,45,12,3497,-0.1685239491691104,300,3.0786031000025105
calm_single,1,auction,10,2052,34,1.6569200779727096,300,False,0,45.6376,79062,228728,625,75,18,3525,-0.188401559454191,300,3.50601149999784
calm_single,1,auction,11,2052,392,19.103313840155945,300,False,2,57.7432,116970,263942,504,93,31,3797,-0.1062768031189084,300,3.703791200001433
calm_single,1,auction,12,1992,927,46.536144578313255,300,False,0,50.6996,44079,199338,630,104,27,3609,0.1257530120481927,300,2.9211981000007654
calm_single,1,auction,13,2006,122,6.081754735792623,300,False,0,49.2516,109532,263877,595,76,11,3580,-0.1574277168494516,300,3.951495599998452
calm_single,1,auction,14,2014,68,3.3763654419066533,300,False,1,52.092,21400,113084,443,55,17,3386,-0.1963654419066534,300,2.39099669999996
calm_single,1,auction,15,1995,1393,69.82456140350877,300,False,1,52.3168,35864,193308,519,64,24,3891,0.2687719298245613,300,2.637675499998295
calm_single,1,auction,16,2051,240,11.701608971233544,300,False,1,48.7076,23070,135812,376,120,20,3206,-0.1380887372013652,300,2.3249876000008958
calm_single,1,auction,17,2049,2008,97.99902391410444,62,True,0,20.655080213903744,2463,19505,142,25,6,955,0.6446598340653977,62,0.4934087000001455
calm_single,1,auction,18,2049,63,3.074670571010249,300,False,1,50.0516,26563,158762,443,94,25,3620,-0.1984773060029283,300,2.641707700000552
calm_single,1,auction,19,2034,1074,52.8023598820059,300,False,1,67.12,23235,158805,456,87,26,3481,0.1496165191740412,300,2.4500709000021743
calm_single,1,auction,20,2005,257,12.817955112219453,300,False,2,49.722,17606,109875,363,52,15,4345,-0.1502743142144638,300,2.216578700001264
calm_single,1,auction,21,2000,140,7.0,300,False,1,55.3716,45362,165587,491,75,13,3241,-0.171,300,2.892717999999149
calm_single,1,auction,22,2060,513,24.902912621359224,300,False,4,60.7652,18573,108075,272,60,14,3057,-0.1056796116504854,300,2.0595424999992247
calm_single,1,auction,23,2019,98,4.853888063397721,300,False,1,51.368,39030,158100,440,58,9,3095,-0.186022783556216,300,2.687037399999099
calm_single,1,auction,24,2006,261,13.010967098703889,300,False,1,62.2316,17061,151383,536,90,16,3569,-0.1289232303090728,300,2.4257436000007147
calm_single,1,auction,25,2050,509,24.82926829268293,300,False,0,55.3448,78967,218725,610,91,13,3716,-0.0261951219512195,300,3.363694899999245
calm_single,1,auction,26,2054,545,26.533592989289197,300,False,2,57.888,30754,193834,421,67,10,3396,-0.0542648490749756,300,2.74265799999921
calm_single,1,auction,27,2072,431,20.801158301158303,300,False,0,48.6636,185861,346416,566,43,6,3575,-0.0543918918918919,300,4.433012199999212
calm_single,1,auction,28,2050,334,16.29268292682927,300,False,2,56.67542059909725,31264,193091,509,86,28,3545,-0.1259512195121951,300,2.6551513000013074
calm_single,1,auction,29,2005,216,10.773067331670823,300,False,1,55.84,29250,152033,581,61,11,3761,-0.1445885286783042,300,3.02908170000228
windy_single,2,independent,0,2061,1020,49.490538573508005,300,False,0,127.16481785373074,4220,16825,1349,0,0,1718,0.146433770014556,300,2.552929800000129
windy_single,2,independent,1,1988,365,18.36016096579477,300,False,1,132.06453440732292,3958,17121,1224,55,11,1718,-0.0914788732394366,300,2.5289163999987068
windy_single,2,independent,2,2002,2001,99.95004995004994,20,True,0,6.480809165771572,247,845,71,0,0,120,0.6863170163170162,20,0.1764046999996935
windy_single,2,independent,3,2049,459,22.40117130307467,300,False,0,132.12649747976968,8594,20650,1125,33,7,1718,-0.0431918008784773,300,2.441716000001179
windy_single,2,independent,4,2018,1348,66.798810703667,300,False,0,127.16481785373074,4220,16825,1349,0,0,1718,0.2675916749256689,300,2.6061905000024126
windy_single,2,independent,5,2016,666,33.035714285714285,300,False,0,128.97475127507752,4138,17987,1293,22,4,1718,0.0312499999999999,300,2.598363799999788
windy_single,2,independent,6,2047,1164,56.86370297997069,300,False,0,127.16481785373074,4220,16825,1349,0,0,1718,0.1980459208597947,300,2.614473099998577
windy_single,2,independent,7,2006,590,29.41176470588235,300,False,0,128.58158403968815,4108,17554,1299,22,4,1718,0.0058823529411764,300,2.617472000001726
windy_single,2,independent,8,2026,546,26.94965449160908,300,False,0,128.39517672022913,4174,16595,1336,10,2,1718,-0.0113524185587364,300,2.5894006000016816
windy_single,2,independent,9,2046,817,39.93157380254154,300,False,0,127.16481785373074,4220,16825,1349,0,0,1718,0.0795210166177907,300,2.655871000002662
windy_single,2,independent,10,2052,475,23.14814814814815,300,False,0,133.44773007795976,4043,15954,1281,28,9,1718,-0.0379629629629629,300,2.497630800000479
windy_single,2,independent,11,2052,929,45.2729044834308,300,False,0,129.1331157837139,23097,34892,1213,0,0,1718,0.1169103313840155,300,2.664993799997319
windy_single,2,independent,12,1992,1519,76.25502008032129,300,False,0,129.11212857549046,4181,16729,1321,0,0,1718,0.333785140562249,300,2.570291100000759
windy_single,2,independent,13,2006,1142,56.92921236291127,300,False,0,127.16481785373074,4220,16825,1349,0,0,1718,0.1985044865403788,300,2.655426900000748
windy_single,2,independent,14,2014,1309,64.99503475670308,300,False,0,127.8412810321297,4083,16286,1264,0,0,1718,0.2549652432969215,300,2.507607999999891
windy_single,2,independent,15,1995,1101,55.18796992481203,300,False,0,126.91064646819255,4104,16518,1285,21,6,1718,0.1863157894736841,300,2.596530200000416
windy_single,2,independent,16,2051,262,12.774256460263286,300,False,1,126.81364859711728,3595,15399,1115,23,3,1718,-0.130580204778157,300,2.2787882999982685
windy_single,2,independent,17,2049,634,30.94192288921425,300,False,0,128.0784842782701,4123,30590,1170,39,4,1718,0.0165934602244997,300,2.493757899999764
windy_single,2,independent,18,2049,581,28.355295265983408,300,False,0,128.76933430837866,4027,16113,1267,27,5,1718,-0.0015129331381161,300,2.48484660000031
windy_single,2,independent,19,2034,1997,98.18092428711898,105,True,0,39.01679153508344,1497,5210,480,0,0,610,0.6172664700098327,105,0.9585179000023344
windy_single,2,independent,20,2005,849,42.34413965087282,300,False,0,128.9273948620462,4143,16373,1317,12,2,1718,0.0964089775561097,300,2.603201099998841
windy_single,2,independent,21,2000,461,23.05,300,False,2,130.57536698839394,3056,19501,881,50,3,1718,-0.07865,300,2.013701700001548
windy_single,2,independent,22,2060,201,9.75728155339806,300,False,1,119.63798595411686,2999,13396,891,51,8,1718,-0.1516990291262136,300,2.0831524999994144
windy_single,2,independent,23,2019,241,11.936602278355622,300,False,0,136.81151024756468,3633,16196,1071,60,7,1718,-0.1164437840515106,300,2.2491484000020137
windy_single,2,independent,24,2006,657,32.75174476570289,300,False,0,130.50977618097187,4063,16149,1279,27,2,1718,0.0292622133599201,300,2.536456800000451
windy_single,2,independent,25,2050,1322,64.48780487804878,300,False,0,127.48478510268512,4199,16728,1333,0,0,1718,0.2514146341463414,300,2.6021811999999045
windy_single,2,independent,26,2054,512,24.9269717624148,300,False,0,133.89163659092142,10027,70684,885,52,3,1718,-0.0255111976630964,300,2.347227099999145
windy_single,2,independent,27,2072,1611,77.75096525096525,300,False,0,130.17390710330488,4067,16462,1263,0,0,1718,0.3442567567567567,300,2.556157200000598
windy_single,2,independent,28,2050,511,24.92682926829268,300,False,1,126.8777790728795,4154,43076,1020,64,9,1718,-0.0455121951219512,300,2.3909270000003744
windy_single,2,independent,29,2005,1060,52.86783042394015,300,False,0,132.97744345197435,4017,16550,1216,0,0,1718,0.170074812967581,300,2.466296999999031
windy_single,2,greedy,0,2061,1145,55.55555555555556,300,False,3,59.1864,10275,90032,400,65,12,2940,0.1288888888888889,300,1.97754740000164
windy_single,2,greedy,1,1988,563,28.319919517102612,300,False,3,62.3844,9738,73300,290,52,11,2706,-0.0617605633802817,300,2.11598800000138
windy_single,2,greedy,2,2002,2001,99.95004995004994,20,True,0,4.300813008130081,479,3357,25,0,0,241,0.6863170163170162,20,0.1637708999987808
windy_single,2,greedy,3,2049,453,22.10834553440703,300,False,0,45.9532,47981,187318,488,68,13,3357,-0.0452415812591508,300,2.8860539000015706
windy_single,2,greedy,4,2018,1417,70.21803766105054,300,False,0,54.8944,7682,72032,585,58,18,3438,0.2915262636273538,300,1.99010780000026
windy_single,2,greedy,5,2016,1012,50.198412698412696,300,False,0,60.0584,70420,222828,556,84,19,3349,0.1513888888888888,300,3.0352986000034434
windy_single,2,greedy,6,2047,1483,72.44748412310699,300,False,0,55.3812,65550,188393,567,58,14,3415,0.3071323888617488,300,2.763020599999436
windy_single,2,greedy,7,2006,650,32.40279162512463,300,False,0,60.445870088211706,64199,149264,484,60,25,3312,0.0268195413758723,300,2.510796400001709
windy_single,2,greedy,8,2026,466,23.000987166831194,300,False,2,51.2712,87368,168065,401,63,14,3132,-0.0789930898321816,300,2.9104552999997395
windy_single,2,greedy,9,2046,1039,50.78201368523949,300,False,0,53.9552,15328,163161,541,73,19,3360,0.1554740957966764,300,2.338195899999846
windy_single,2,greedy,10,2052,418,20.37037037037037,300,False,1,56.6736,13154,92476,432,69,7,3064,-0.0774074074074074,300,2.4396363999985624
windy_single,2,greedy,11,2052,1047,51.0233918128655,300,False,0,54.096,13342,119663,480,68,23,3426,0.1571637426900584,300,2.1340890000028594
windy_single,2,greedy,12,1992,1625,81.57630522088354,300,False,4,60.39391513210568,11185,67724,453,41,11,2972,0.2910341365461847,300,1.9081557000026803
windy_single,2,greedy,13,2006,1226,61.11665004985045,300,False,0,53.7528,17479,154897,630,72,14,3361,0.2278165503489531,300,2.4582025000017893
windy_single,2,greedy,14,2014,1412,70.10923535253228,300,False,1,55.8108,18385,107223,422,81,13,3106,0.2707646474677258,300,2.0798493000002054
windy_single,2,greedy,15,1995,805,40.35087719298246,300,False,1,48.9172,19362,103400,416,78,16,3284,0.0624561403508771,300,2.188783900000999
windy_single,2,greedy,16,2051,98,4.778156996587031,300,False,3,55.92,13495,76580,241,43,6,2527,-0.2265529010238908,300,1.9398889000003687
windy_single,2,greedy,17,2049,662,32.30844314299658,300,False,0,46.07,67665,255537,543,86,11,3416,0.026159102000976,300,3.1469418999986374
windy_single,2,greedy,18,2049,462,22.547584187408493,300,False,0,49.0548,21101,134208,534,66,24,3318,-0.0421669106881405,300,2.908373700000084
windy_single,2,greedy,19,2034,1996,98.13176007866274,105,True,0,38.88661267270129,2745,25741,174,1,1,1285,0.6169223205506391,105,0.7795695999993768
windy_single,2,greedy,20,2005,763,38.05486284289277,300,False,2,52.3852,10333,69356,382,71,22,2966,0.0263840399002493,300,1.9088150999996287
windy_single,2,greedy,21,2000,556,27.8,300,False,0,53.2764,203365,317205,528,56,10,3311,-0.0054,300,4.339185499997257
windy_single,2,greedy,22,2060,93,4.514563106796117,300,False,0,50.5668,18883,167599,474,111,16,3257,-0.1683980582524272,300,2.454246699999203
windy_single,2,greedy,23,2019,172,8.519068845963348,300,False,1,47.2972,15677,119892,468,80,10,3167,-0.1603665180782565,300,2.371801000001142
windy_single,2,greedy,24,2006,1433,71.4356929212363,300,False,0,55.0416,76861,160167,590,66,19,3467,0.300049850448654,300,2.8282117000017024
windy_single,2,greedy,25,2050,1665,81.21951219512195,300,False,1,56.7088,10913,90635,506,74,9,3326,0.3485365853658536,300,1.929201700000704
windy_single,2,greedy,26,2054,401,19.522882181110027,300,False,0,52.7332,15803,129817,576,59,4,3328,-0.0633398247322298,300,2.4896167000006244
windy_single,2,greedy,27,2072,1835,88.56177606177606,165,True,0,68.9624,17046,65095,281,19,6,1901,0.5099324324324325,165,1.2708807999988494
windy_single,2,greedy,28,2050,284,13.853658536585366,300,False,2,54.7604,20310,132550,419,59,10,3019,-0.1430243902439024,300,2.2300719000013487
windy_single,2,greedy,29,2005,1204,60.0498753117207,300,False,0,55.3896,143711,226013,591,66,14,3459,0.2203491271820448,300,2.0050511000008555
windy_single,2,auction,0,2061,1241,60.21348859776808,300,False,3,60.7968,17734,102199,380,55,16,3023,0.1614944201843764,300,1.4681659000016225
windy_single,2,auction,1,1988,562,28.269617706237423,300,False,2,51.166,22526,133795,378,70,16,3242,-0.042112676056338,300,1.3721454000005906
windy_single,2,auction,2,2002,2001,99.95004995004994,20,True,0,4.300813008130081,479,3357,25,0,0,241,0.6863170163170162,20,0.1614525000004505
windy_single,2,auction,3,2049,449,21.913128355295267,300,False,0,49.6812,112989,267482,523,68,14,3723,-0.0466081015129331,300,2.3219766000001982
windy_single,2,auction,4,2018,1361,67.44301288404361,300,False,1,53.98,19533,156661,548,60,14,3792,0.2521010901883052,300,1.5963365999996313
windy_single,2,auction,5,2016,1015,50.34722222222222,300,False,0,55.42,54895,234281,556,79,17,3675,0.1524305555555555,300,1.6269468999998935
windy_single,2,auction,6,2047,1347,65.80361504640938,300,False,0,59.6276,204318,330831,569,61,5,3663,0.2606253053248656,300,2.8739059999970777
windy_single,2,auction,7,2006,657,32.75174476570289,300,False,0,63.062,53230,251891,608,76,22,3557,0.0292622133599201,300,3.2052161999999957
windy_single,2,auction,8,2026,465,22.95162882527147,300,False,0,52.5868,33507,181101,606,91,13,3514,-0.0393385982230997,300,1.776706299999205
windy_single,2,auction,9,2046,1025,50.09775171065494,300,False,1,58.4288,92108,287056,587,70,15,3748,0.1306842619745845,300,3.6952894999994896
windy_single,2,auction,10,2052,434,21.15009746588694,300,False,1,69.778,58357,116156,366,64,17,5186,-0.0719493177387914,300,1.954761299999518
windy_single,2,auction,11,2052,1009,49.17153996101364,300,False,0,51.4284,25749,185192,552,75,19,3718,0.1442007797270955,300,2.8246416000001773
windy_single,2,auction,12,1992,1615,81.07429718875503,300,False,2,60.26832198638366,17699,94240,585,37,16,3286,0.3275200803212851,300,1.5345422999998846
windy_single,2,auction,13,2006,1235,61.56530408773679,300,False,0,54.5668,17532,165676,685,67,21,3563,0.2309571286141575,300,2.685747399998945
windy_single,2,auction,14,2014,1395,69.26514399205561,300,False,1,49.9772,34749,160736,494,92,12,3323,0.2648560079443892,300,2.6814415999979246
windy_single,2,auction,15,1995,760,38.095238095238095,300,False,2,54.5496,35677,160510,420,73,9,3821,0.0266666666666665,300,2.830884099999821
windy_single,2,auction,16,2051,271,13.213066796684544,300,False,2,56.1768,49193,99194,409,61,16,2852,-0.1475085324232082,300,2.550420399998984
windy_single,2,auction,17,2049,655,31.966813079551,300,False,2,51.894,15526,149637,414,98,10,3818,-0.016232308443143,300,2.684951700000965
windy_single,2,auction,18,2049,510,24.890190336749637,300,False,1,48.2596,24877,161749,476,61,24,3786,-0.0457686676427525,300,3.0659421000018483
windy_single,2,auction,19,2034,1996,98.13176007866274,105,True,0,38.88661267270129,2916,29000,179,1,1,1315,0.6169223205506391,105,0.915468499999406
windy_single,2,auction,20,2005,1155,57.60598503740648,300,False,1,52.2596,94128,211226,498,89,15,3365,0.1832418952618453,300,3.3358191000006627
windy_single,2,auction,21,2000,548,27.4,300,False,0,57.5496,147342,317128,470,69,14,3503,-0.0082,300,4.134271300001274
windy_single,2,auction,22,2060,96,4.660194174757281,300,False,0,62.9892,39876,232303,620,74,10,3395,-0.167378640776699,300,3.237615199999709
windy_single,2,auction,23,2019,256,12.67954432887568,300,False,0,46.478,34845,174901,583,64,13,3426,-0.1112431896978702,300,3.146273599999404
windy_single,2,auction,24,2006,1561,77.81655034895314,215,True,0,51.2816,40313,159373,507,67,22,2765,0.4013825191093386,215,2.308030600001075
windy_single,2,auction,25,2050,1901,92.73170731707316,219,True,1,52.3688,15850,90537,393,44,7,2630,0.4831219512195122,219,1.87307260000307
windy_single,2,auction,26,2054,395,19.23076923076923,300,False,2,49.8832,24883,137006,502,92,16,4120,-0.1053846153846154,300,2.7461841000003915
windy_single,2,auction,27,2072,1834,88.51351351351352,163,True,1,70.874,24337,95842,261,20,6,1931,0.4909279279279278,163,1.619276400000672
windy_single,2,auction,28,2050,321,15.658536585365852,300,False,1,51.0244,38045,168676,539,68,8,3592,-0.110390243902439,300,3.083253799999511
windy_single,2,auction,29,2005,1200,59.85037406483791,300,False,2,58.3772,64066,235703,653,47,5,3406,0.1789526184538653,300,3.3255188000002818
multi_ignition,3,independent,0,2061,41,1.9893255701115964,300,False,0,125.37233553005169,4375,53874,1041,59,5,1718,-0.1860747210092188,300,2.6101716000011947
multi_ignition,3,independent,1,1988,42,2.112676056338028,280,True,0,119.7347613764093,3300,19862,824,94,5,1598,-0.1718779342723004,280,2.101304199997685
multi_ignition,3,independent,2,2002,116,5.794205794205794,300,False,0,131.18430324717625,3571,14896,1077,92,6,1718,-0.1594405594405594,300,2.4919337000028463
multi_ignition,3,independent,3,2049,224,10.932162030258665,300,False,0,134.18347971815584,8333,22922,944,106,13,1718,-0.1234748657881893,300,2.353086799997982
multi_ignition,3,independent,4,2018,128,6.342913776015857,300,False,2,121.901212100046,4073,87647,662,54,3,1718,-0.195599603567889,300,2.155302199997095
multi_ignition,3,independent,5,2016,33,1.636904761904762,290,True,3,128.21425206124854,2510,24957,585,79,5,1658,-0.241875,290,1.788632100000541
multi_ignition,3,independent,6,2047,61,2.9799706888128967,270,True,0,115.07567998062052,3182,16809,895,81,9,1538,-0.1591402051783097,270,2.073575099999289
multi_ignition,3,independent,7,2006,63,3.140578265204387,300,False,2,125.81830523671196,2877,23082,754,56,9,1718,-0.2180159521435693,300,2.052451999999903
multi_ignition,3,independent,8,2026,89,4.3928923988154,300,False,3,133.9356270810211,2745,17789,749,73,9,1718,-0.2292497532082922,300,1.9878520000020217
multi_ignition,3,independent,9,2046,152,7.429130009775171,300,True,2,125.97306195032296,3004,18995,814,74,8,1718,-0.1879960899315738,300,2.1139541000011377
multi_ignition,3,independent,10,2052,24,1.1695906432748535,300,False,0,126.73432588232592,4043,22701,1212,33,4,1718,-0.191812865497076,300,2.614513299999089
multi_ignition,3,independent,11,2052,288,14.035087719298245,300,False,2,130.38771520392808,2595,11843,772,51,8,1718,-0.1417543859649123,300,2.009148899996944
multi_ignition,3,independent,12,1992,243,12.198795180722891,300,False,1,127.85807950991602,3646,16101,1118,45,4,1718,-0.1346084337349397,300,2.461434799999552
multi_ignition,3,independent,13,2006,42,2.093718843469591,290,True,0,120.19951094935836,3650,39231,923,61,5,1658,-0.1786773014290462,290,2.3288861000000907
multi_ignition,3,independent,14,2014,284,14.1012909632572,300,False,0,142.1985213561618,3837,18369,1148,67,10,1718,-0.1012909632571996,300,2.6001619000016944
multi_ignition,3,independent,15,1995,64,3.208020050125313,300,False,0,128.01919655794157,3782,48721,828,85,5,1718,-0.1775438596491228,300,2.288948800000071
multi_ignition,3,independent,16,2051,83,4.046806435884935,265,True,0,111.06599524614856,3221,21246,860,60,5,1508,-0.1483390216154721,265,2.111987299998873
multi_ignition,3,independent,17,2049,377,18.39921913128355,300,False,0,133.05421889290665,4085,23638,1215,46,8,1718,-0.0712054660810151,300,2.625068800000008
multi_ignition,3,independent,18,2049,18,0.8784773060029283,300,False,0,127.97549636569802,3873,16595,1194,44,1,1718,-0.1938506588579795,300,2.5652103000029456
multi_ignition,3,independent,19,2034,19,0.9341199606686332,275,True,1,118.5381091042633,3154,32769,747,50,1,1568,-0.1967944936086528,275,2.008676199999172
multi_ignition,3,independent,20,2005,32,1.5960099750623442,300,False,1,119.5276347243614,3817,32909,1000,67,5,1718,-0.2088279301745635,300,2.386443000003055
multi_ignition,3,independent,21,2000,117,5.85,300,False,0,121.38256003216074,3733,24704,997,81,6,1718,-0.15905,300,2.4572495999964303
multi_ignition,3,independent,22,2060,30,1.4563106796116505,275,True,1,104.15891642510915,2850,38264,547,89,7,1568,-0.1931391585760518,275,1.8564489999989744
multi_ignition,3,independent,23,2019,51,2.526002971768202,300,False,0,128.7661163026632,3502,15917,1001,56,2,1718,-0.1823179791976226,300,2.222640100000717
multi_ignition,3,independent,24,2006,193,9.621136590229312,300,False,2,135.48256798933457,3320,17008,990,89,10,1718,-0.1726520438683948,300,2.370975500001805
multi_ignition,3,independent,25,2050,119,5.804878048780488,300,False,0,125.06482594634628,3786,19559,1101,59,6,1718,-0.1593658536585366,300,2.4375810000019555
multi_ignition,3,independent,26,2054,45,2.190847127555988,295,True,1,120.96780824569872,3556,20999,1035,58,8,1688,-0.2013307367737747,295,2.3469788000002154
multi_ignition,3,independent,27,2072,38,1.833976833976834,285,True,0,109.30130142614746,3164,15821,895,88,8,1628,-0.1771621621621621,285,2.095371100000193
multi_ignition,3,independent,28,2050,41,2.0,275,True,0,110.43736404950926,13252,71203,684,56,8,1568,-0.1693333333333333,275,2.141718699997
multi_ignition,3,independent,29,2005,66,3.291770573566085,300,False,0,137.99178786007298,3559,20894,941,82,6,1718,-0.1769576059850374,300,2.2146717999967223
multi_ignition,3,greedy,0,2061,46,2.2319262493934984,300,False,0,51.4748,94959,330363,712,60,12,3325,-0.1843765162542455,300,4.302645100000518
multi_ignition,3,greedy,1,1988,42,2.112676056338028,280,True,0,45.46,15581,167963,613,25,10,3050,-0.1718779342723004,280,2.6871797000021616
multi_ignition,3,greedy,2,2002,30,1.4985014985014986,260,True,0,52.428,149210,263711,444,77,15,2946,-0.1628438228438228,260,3.769434399997408
multi_ignition,3,greedy,3,2049,47,2.2938018545632017,300,False,0,51.5832,227009,289105,505,46,17,3289,-0.1839433870180576,300,4.52340379999805
multi_ignition,3,greedy,4,2018,132,6.541129831516352,300,False,2,59.8888,40425,218966,499,45,11,3080,-0.1942120911793855,300,3.24479810000048
multi_ignition,3,greedy,5,2016,28,1.3888888888888888,295,True,2,49.3164,10936,82449,393,42,9,2776,-0.2269444444444444,295,2.265964800000802
multi_ignition,3,greedy,6,2047,26,1.270151441133366,295,True,0,48.6528,301479,440452,574,81,10,3337,-0.1877756065787331,295,5.554403199999797
multi_ignition,3,greedy,7,2006,22,1.0967098703888336,265,True,0,54.85,168536,264894,497,40,9,2934,-0.1689896975739448,265,4.228470699999889
multi_ignition,3,greedy,8,2026,55,2.7147087857847976,300,False,1,55.388,139654,248533,557,19,3,3066,-0.2009970384995064,300,4.010172700000112
multi_ignition,3,greedy,9,2046,205,10.019550342130987,300,False,0,66.84100921105326,206503,434210,638,42,14,3321,-0.1298631476050831,300,5.090787000001001
multi_ignition,3,greedy,10,2052,24,1.1695906432748535,300,False,0,48.5388,17043,165480,591,66,12,3320,-0.191812865497076,300,2.9867302999991807
multi_ignition,3,greedy,11,2052,22,1.0721247563352827,300,False,0,54.9388,64602,213215,542,70,13,3280,-0.192495126705653,300,3.4902287000004435
multi_ignition,3,greedy,12,1992,18,0.9036144578313252,300,False,1,54.196,17384,115598,541,85,21,3181,-0.2136746987951807,300,2.498108700001467
multi_ignition,3,greedy,13,2006,20,0.9970089730807578,300,False,0,48.6408,160724,356894,559,59,6,3387,-0.1930209371884347,300,4.712212100002944
multi_ignition,3,greedy,14,2014,231,11.469712015888778,300,False,1,53.3396,91110,194080,473,52,9,3066,-0.1397120158887785,300,3.3772960000023886
multi_ignition,3,greedy,15,1995,39,1.954887218045113,300,False,2,51.5404,22290,154769,345,75,12,3004,-0.2263157894736842,300,2.614153300000908
multi_ignition,3,greedy,16,2051,37,1.8039980497318384,265,True,0,47.8616,123405,199710,379,104,17,2887,-0.1640386803185438,265,3.314803900000697
multi_ignition,3,greedy,17,2049,154,7.515861395802831,300,False,2,56.8056,11154,119918,448,71,13,3039,-0.1873889702293802,300,2.395678999997472
multi_ignition,3,greedy,18,2049,22,1.07369448511469,300,False,1,66.42,45235,173000,420,46,18,2967,-0.2124841386041971,300,3.1459633000013127
multi_ignition,3,greedy,19,2034,22,1.0816125860373649,275,True,0,58.1932,17360,132217,468,97,17,2975,-0.1757620452310717,275,2.3224881999994977
multi_ignition,3,greedy,20,2005,30,1.4962593516209477,300,False,0,45.4208,20622,179396,549,83,17,3293,-0.1895261845386533,300,3.0415222000010544
multi_ignition,3,greedy,21,2000,28,1.4,300,False,1,57.8388,33968,169322,608,48,9,3057,-0.2102,300,3.080486999999266
multi_ignition,3,greedy,22,2060,18,0.8737864077669902,275,True,2,58.2716,72516,150847,306,57,9,2734,-0.2172168284789644,275,2.7337124999976368
multi_ignition,3,greedy,23,2019,52,2.575532441802873,300,False,0,51.9584,86630,350584,650,82,17,3250,-0.1819712729073799,300,4.099473000002035
multi_ignition,3,greedy,24,2006,258,12.861415752741774,300,False,0,48.4252,34342,260940,532,81,21,3317,-0.1099700897308075,300,3.1234074999993027
multi_ignition,3,greedy,25,2050,38,1.853658536585366,300,True,2,63.6208,118694,264303,370,52,5,2860,-0.2270243902439024,300,3.8255970000027446
multi_ignition,3,greedy,26,2054,22,1.071080817916261,295,True,1,49.6144,19447,152188,417,78,27,3071,-0.2091691009412528,295,2.7410878999980923
multi_ignition,3,greedy,27,2072,15,0.7239382239382239,270,True,0,41.9448,44289,188548,485,76,18,2921,-0.1749324324324324,270,2.694992700002331
multi_ignition,3,greedy,28,2050,20,0.975609756097561,275,True,2,48.238,7510,53957,350,55,16,2582,-0.2165040650406504,275,2.2949498999987554
multi_ignition,3,greedy,29,2005,20,0.9975062344139652,300,False,0,46.5076,37636,388472,727,79,14,3399,-0.1930174563591022,300,3.835432500000024
multi_ignition,3,auction,0,2061,47,2.280446385249878,300,False,0,48.7172,103289,386181,638,61,12,3674,-0.1840368753032508,300,4.3937249000009615
multi_ignition,3,auction,1,1988,45,2.263581488933601,260,True,0,52.0284,84985,243731,502,44,12,2991,-0.1574882629107981,260,3.22916289999921
multi_ignition,3,auction,2,2002,26,1.2987012987012987,260,True,0,56.856,100815,249705,506,76,11,3094,-0.1642424242424242,260,3.583224199999677
multi_ignition,3,auction,3,2049,44,2.14738897022938,300,False,0,47.4744,68424,203370,476,66,17,3435,-0.1849682772083943,300,3.1454350000021805
multi_ignition,3,auction,4,2018,136,6.739345887016849,300,False,0,58.8308,67563,233336,527,54,20,5191,-0.152824578790882,300,3.605566500002169
multi_ignition,3,auction,5,2016,36,1.7857142857142858,295,True,2,54.9252,56305,142186,388,52,8,2859,-0.2241666666666666,295,2.758193399997253
multi_ignition,3,auction,6,2047,21,1.0258915486077187,295,True,0,51.4412,51133,180407,617,93,9,3857,-0.1894854258264126,295,3.145689400000265
multi_ignition,3,auction,7,2006,32,1.5952143569292123,265,True,0,54.0432,85726,208267,467,64,15,3380,-0.1655001661681621,265,3.3257675000022573
multi_ignition,3,auction,8,2026,57,2.813425468904245,300,False,0,45.212,50008,183657,627,33,7,3412,-0.1803060217176703,300,3.205356300000858
multi_ignition,3,auction,9,2046,195,9.530791788856304,300,False,0,60.29355226271526,181743,507157,762,40,18,3695,-0.1332844574780058,300,5.11586609999722
multi_ignition,3,auction,10,2052,19,0.925925925925926,300,False,1,49.4796,69621,165915,537,64,11,3254,-0.2135185185185185,300,3.167678599998908
multi_ignition,3,auction,11,2052,36,1.7543859649122806,300,False,0,47.8984,24823,183018,624,72,23,3372,-0.187719298245614,300,3.069502300000749
multi_ignition,3,auction,12,1992,27,1.355421686746988,300,False,0,48.5324,74614,251149,619,95,19,4099,-0.1905120481927711,300,3.5377597999977297
multi_ignition,3,auction,13,2006,15,0.7477567298105683,300,False,0,49.3156,96145,256333,652,63,5,3952,-0.194765702891326,300,3.844592100002046
multi_ignition,3,auction,14,2014,289,14.349553128103278,300,False,1,51.3672,20143,121183,402,50,10,3429,-0.119553128103277,300,2.5310693999999785
multi_ignition,3,auction,15,1995,23,1.1528822055137844,300,False,0,52.0332,23515,178209,468,113,24,4927,-0.1919298245614035,300,2.9860286000002816
multi_ignition,3,auction,16,2051,42,2.04778156996587,265,True,1,51.3116,25547,117055,349,116,24,3147,-0.1823321956769055,265,2.3901683000003686
multi_ignition,3,auction,17,2049,156,7.613469985358711,300,False,1,48.95958762886598,44761,178294,559,71,17,4185,-0.166705710102489,300,2.9604958000018087
multi_ignition,3,auction,18,2049,18,0.8784773060029283,300,False,0,52.5448,55991,233414,496,54,19,3314,-0.1938506588579795,300,3.7266023000011046
multi_ignition,3,auction,19,2034,19,0.9341199606686332,275,True,2,59.6424,17587,90786,318,101,13,2841,-0.2167944936086528,275,2.144547899999452
multi_ignition,3,auction,20,2005,29,1.4463840399002494,300,False,1,52.5216,45153,142538,442,45,14,4237,-0.2098753117206983,300,2.7666633000008005
multi_ignition,3,auction,21,2000,28,1.4,300,False,0,51.4756,123363,342981,719,51,11,3643,-0.1902,300,4.238777200000186
multi_ignition,3,auction,22,2060,14,0.6796116504854369,260,True,1,51.9972,81247,198027,388,63,11,3115,-0.1885760517799353,260,3.019393200000195
multi_ignition,3,auction,23,2019,39,1.9316493313521543,300,False,0,55.3036,63776,227909,631,80,15,3428,-0.1864784546805349,300,3.443012200001249
multi_ignition,3,auction,24,2006,37,1.844466600199402,300,False,1,55.0852,61518,225365,568,92,17,3552,-0.2070887337986042,300,3.469124199997168
multi_ignition,3,auction,25,2050,26,1.2682926829268293,300,True,2,55.092,51228,215587,519,44,4,2885,-0.2311219512195122,300,3.5489933999997447
multi_ignition,3,auction,26,2054,33,1.6066212268743914,300,False,1,56.9244,52095,183781,570,70,15,3106,-0.2087536514118793,300,3.0288442999990366
multi_ignition,3,auction,27,2072,17,0.8204633204633205,270,True,0,54.18,23539,124491,530,65,22,3061,-0.1742567567567567,270,2.394249099997978
multi_ignition,3,auction,28,2050,23,1.1219512195121952,275,True,2,51.3788,15096,81247,439,36,13,2653,-0.2154796747967479,275,2.403969300001336
multi_ignition,3,auction,29,2005,23,1.14713216957606,300,False,0,54.36206896551724,122788,333689,617,69,8,4093,-0.1919700748129676,300,4.085820800002693
no_scouts,4,independent,0,2061,1020,49.490538573508005,300,False,0,127.16481785373074,4220,16825,1349,0,0,0,0.146433770014556,300,1.9090289000014309
no_scouts,4,independent,1,1988,365,18.36016096579477,300,False,1,132.06453440732292,3958,17121,1224,55,11,0,-0.0914788732394366,300,1.7477523000015935
no_scouts,4,independent,2,2002,2001,99.95004995004994,20,True,0,6.480809165771572,247,845,71,0,0,0,0.6863170163170162,20,0.13711179999882
no_scouts,4,independent,3,2049,459,22.40117130307467,300,False,0,132.12649747976968,8594,20650,1125,33,7,0,-0.0431918008784773,300,1.7477450000005774
no_scouts,4,independent,4,2018,1348,66.798810703667,300,False,0,127.16481785373074,4220,16825,1349,0,0,0,0.2675916749256689,300,1.9647107999990112
no_scouts,4,independent,5,2016,666,33.035714285714285,300,False,0,128.97475127507752,4138,17987,1293,22,4,0,0.0312499999999999,300,1.857025599998451
no_scouts,4,independent,6,2047,1164,56.86370297997069,300,False,0,127.16481785373074,4220,16825,1349,0,0,0,0.1980459208597947,300,1.947178000002168
no_scouts,4,independent,7,2006,590,29.41176470588235,300,False,0,128.58158403968815,4108,17554,1299,22,4,0,0.0058823529411764,300,1.8744148000005223
no_scouts,4,independent,8,2026,546,26.94965449160908,300,False,0,128.39517672022913,4174,16595,1336,10,2,0,-0.0113524185587364,300,1.8945840999986103
no_scouts,4,independent,9,2046,817,39.93157380254154,300,False,0,127.16481785373074,4220,16825,1349,0,0,0,0.0795210166177907,300,1.918005599996832
no_scouts,4,independent,10,2052,475,23.14814814814815,300,False,0,133.44773007795976,4043,15954,1281,28,9,0,-0.0379629629629629,300,1.808086899996852
no_scouts,4,independent,11,2052,929,45.2729044834308,300,False,0,129.1331157837139,23097,34892,1213,0,0,0,0.1169103313840155,300,1.9504102999999304
no_scouts,4,independent,12,1992,1519,76.25502008032129,300,False,0,129.11212857549046,4181,16729,1321,0,0,0,0.333785140562249,300,1.8907340000005208
no_scouts,4,independent,13,2006,1142,56.92921236291127,300,False,0,127.16481785373074,4220,16825,1349,0,0,0,0.1985044865403788,300,1.9213447000001904
no_scouts,4,independent,14,2014,1309,64.99503475670308,300,False,0,127.8412810321297,4083,16286,1264,0,0,0,0.2549652432969215,300,1.8367492000033965
no_scouts,4,independent,15,1995,1101,55.18796992481203,300,False,0,126.91064646819255,4104,16518,1285,21,6,0,0.1863157894736841,300,1.8714284999987283
no_scouts,4,independent,16,2051,262,12.774256460263286,300,False,1,126.81364859711728,3595,15399,1115,23,3,0,-0.130580204778157,300,1.6265160000002652
no_scouts,4,independent,17,2049,634,30.94192288921425,300,False,0,128.0784842782701,4123,30590,1170,39,4,0,0.0165934602244997,300,1.8311713000002785
no_scouts,4,independent,18,2049,581,28.355295265983408,300,False,0,128.76933430837866,4027,16113,1267,27,5,0,-0.0015129331381161,300,1.940360700002202
no_scouts,4,independent,19,2034,1997,98.18092428711898,105,True,0,39.01679153508344,1497,5210,480,0,0,0,0.6172664700098327,105,0.6928989999978512
no_scouts,4,independent,20,2005,849,42.34413965087282,300,False,0,128.9273948620462,4143,16373,1317,12,2,0,0.0964089775561097,300,1.9071775000011255
no_scouts,4,independent,21,2000,461,23.05,300,False,2,130.57536698839394,3056,19501,881,50,3,0,-0.07865,300,1.3740441000009014
no_scouts,4,independent,22,2060,201,9.75728155339806,300,False,1,119.63798595411686,2999,13396,891,51,8,0,-0.1516990291262136,300,1.401542600000539
no_scouts,4,independent,23,2019,241,11.936602278355622,300,False,0,136.81151024756468,3633,16196,1071,60,7,0,-0.1164437840515106,300,1.6058830000001765
no_scouts,4,independent,24,2006,657,32.75174476570289,300,False,0,130.50977618097187,4063,16149,1279,27,2,0,0.0292622133599201,300,1.838337400000455
no_scouts,4,independent,25,2050,1322,64.48780487804878,300,False,0,127.48478510268512,4199,16728,1333,0,0,0,0.2514146341463414,300,1.877742099997704
no_scouts,4,independent,26,2054,512,24.9269717624148,300,False,0,133.89163659092142,10027,70684,885,52,3,0,-0.0255111976630964,300,1.7299658999982055
no_scouts,4,independent,27,2072,1611,77.75096525096525,300,False,0,130.17390710330488,4067,16462,1263,0,0,0,0.3442567567567567,300,1.7875648000008368
no_scouts,4,independent,28,2050,511,24.92682926829268,300,False,1,126.8777790728795,4154,43076,1020,64,9,0,-0.0455121951219512,300,1.6556765000023006
no_scouts,4,independent,29,2005,1060,52.86783042394015,300,False,0,132.97744345197435,4017,16550,1216,0,0,0,0.170074812967581,300,1.7872736000026634
no_scouts,4,greedy,0,2061,1047,50.80058224163027,300,False,2,160.75147579693035,10837,123437,658,62,8,2041,0.1156040756914118,300,1.7564139000023715
no_scouts,4,greedy,1,1988,487,24.49698189134809,300,False,1,161.6123046875,11814,85661,522,71,13,1933,-0.0485211267605634,300,1.3341013999997813
no_scouts,4,greedy,2,2002,2001,99.95004995004994,20,True,0,5.678947368421053,235,1468,32,0,0,129,0.6863170163170162,20,0.1134125999997195
no_scouts,4,greedy,3,2049,463,22.596388482186438,300,False,0,155.94976076555025,17176,121776,574,63,13,2025,-0.0418252806246949,300,1.5905177000022377
no_scouts,4,greedy,4,2018,1508,74.72745292368681,300,False,1,166.98016701461378,7173,50715,709,52,10,2245,0.3030921704658076,300,1.550886900000478
no_scouts,4,greedy,5,2016,577,28.621031746031747,300,False,0,154.3804500703235,11451,91163,623,63,8,2070,0.0003472222222221,300,1.5029814999979862
no_scouts,4,greedy,6,2047,1287,62.87249633610161,300,False,0,171.08957569408068,6917,50387,778,28,6,2251,0.2401074743527112,300,1.5297347999985504
no_scouts,4,greedy,7,2006,589,29.361914257228317,300,False,0,120.94764059469942,12466,87619,640,39,5,2140,0.0055333998005981,300,1.6123150999992504
no_scouts,4,greedy,8,2026,596,29.41757156959526,300,False,0,160.67195767195767,22159,154177,663,57,6,2186,0.0059230009871668,300,1.892135699999926
no_scouts,4,greedy,9,2046,1058,51.71065493646139,300,False,0,183.955091714105,8089,69744,728,42,8,2138,0.1619745845552296,300,1.4758928999981435
no_scouts,4,greedy,10,2052,419,20.41910331384016,300,False,2,161.82426470588234,13495,79305,438,38,6,1585,-0.0970662768031189,300,1.2895996999977797
no_scouts,4,greedy,11,2052,1121,54.629629629629626,300,False,0,168.03854094975912,21488,98122,736,47,9,2110,0.1824074074074073,300,1.73250729999927
no_scouts,4,greedy,12,1992,1573,78.96586345381526,300,False,0,162.36837121212122,7007,56176,766,30,5,2274,0.3527610441767068,300,1.633426899999904
no_scouts,4,greedy,13,2006,1144,57.02891326021934,300,False,1,153.8201368523949,11897,77315,727,21,2,2088,0.1792023928215353,300,1.7410835999980918
no_scouts,4,greedy,14,2014,1377,68.37140019860973,300,False,0,148.40656020716443,11758,63366,799,10,2,2334,0.2785998013902681,300,1.81446440000218
no_scouts,4,greedy,15,1995,1345,67.41854636591479,300,False,0,150.07947976878611,14430,96741,607,73,11,2161,0.2719298245614034,300,1.5339699999967706
no_scouts,4,greedy,16,2051,144,7.020965382740127,300,False,0,88.90180032733224,19605,98631,647,73,12,1979,-0.1508532423208191,300,1.7467775000004622
no_scouts,4,greedy,17,2049,726,35.43191800878477,300,False,3,168.76817792985457,11024,100259,297,45,6,1162,-0.0119765739385065,300,1.1432946999993874
no_scouts,4,greedy,18,2049,759,37.042459736456806,300,False,2,165.22682584269663,12447,84339,619,31,6,1932,0.0192972181551976,300,1.5191123000004154
no_scouts,4,greedy,19,2034,1997,98.18092428711898,105,True,0,38.99158780231336,1243,6591,323,0,0,844,0.6172664700098327,105,0.6566323000006378
no_scouts,4,greedy,20,2005,851,42.44389027431421,300,False,0,166.43022295623453,15497,106196,585,68,6,2107,0.0971072319201994,300,1.4339732000007643
no_scouts,4,greedy,21,2000,560,28.0,300,False,0,145.95133149678605,10871,103010,591,43,8,2083,-0.004,300,1.4556809999994584
no_scouts,4,greedy,22,2060,441,21.40776699029126,300,False,0,169.1562099871959,9926,55437,433,150,18,1908,-0.0501456310679611,300,0.9596412999999302
no_scouts,4,greedy,23,2019,119,5.894006934125805,300,False,1,135.77557755775578,11654,77747,537,38,7,1854,-0.1787419514611193,300,1.322816399999283
no_scouts,4,greedy,24,2006,894,44.56630109670987,300,False,1,184.0566188197767,11732,71546,536,57,4,2025,0.091964107676969,300,1.3087745000011637
no_scouts,4,greedy,25,2050,1443,70.39024390243902,300,False,1,156.9364844903988,13283,64633,688,44,6,2207,0.2727317073170731,300,1.5874885000012
no_scouts,4,greedy,26,2054,420,20.44790652385589,300,False,1,188.17504332755632,7125,58301,493,91,16,1788,-0.0768646543330087,300,1.1345107999986794
no_scouts,4,greedy,27,2072,1703,82.1911196911197,300,False,0,124.23094795539032,7489,43826,753,8,3,2253,0.3753378378378378,300,1.6085506999988866
no_scouts,4,greedy,28,2050,653,31.853658536585368,300,False,0,155.41095890410958,24366,115698,452,77,8,1977,0.0229756097560975,300,1.376690500001132
no_scouts,4,greedy,29,2005,1198,59.750623441396506,300,False,0,146.2572463768116,10320,73818,746,49,7,2241,0.2182543640897755,300,1.689811000000191
no_scouts,4,auction,0,2061,1051,50.9946627850558,300,False,1,168.52857142857144,30368,233144,733,56,12,2489,0.1369626394953905,300,2.287123400001292
no_scouts,4,auction,1,1988,466,23.440643863179076,300,False,1,113.97968069666184,30156,199540,858,55,13,2694,-0.0559154929577464,300,2.329339700001583
no_scouts,4,auction,2,2002,2001,99.95004995004994,20,True,0,5.678947368421053,235,1468,32,0,0,129,0.6863170163170162,20,0.1076012000012269
no_scouts,4,auction,3,2049,465,22.693997071742317,300,False,0,156.3256735340729,35638,242991,721,88,14,2536,-0.0411420204978038,300,2.2865223000007973
no_scouts,4,auction,4,2018,1628,80.67393458870168,280,True,0,148.0072276716572,17172,111974,850,27,5,2530,0.3780508754542451,280,1.9577726000024995
no_scouts,4,auction,5,2016,571,28.3234126984127,300,False,0,151.75330396475772,19451,166827,806,63,13,2613,-0.0017361111111111,300,1.9598741000008888
no_scouts,4,auction,6,2047,1278,62.43282852955544,300,False,0,169.07887908666322,16317,120423,892,20,6,2811,0.2370297997068881,300,2.0677736999969056
no_scouts,4,auction,7,2006,850,42.3728813559322,300,False,0,125.97676579925653,36982,208229,873,31,6,2672,0.0966101694915254,300,2.5378219000012905
no_scouts,4,auction,8,2026,692,34.15597235932873,300,False,1,184.3445995591477,15256,119345,768,58,8,2531,0.019091806515301,300,1.7076515999979165
no_scouts,4,auction,9,2046,1074,52.49266862170088,300,False,0,154.44027852169256,60987,264386,853,30,6,2825,0.1674486803519061,300,2.8385663000008208
no_scouts,4,auction,10,2052,436,21.24756335282651,300,False,3,146.86432825943083,20753,110226,537,29,9,1796,-0.1112670565302144,300,1.547966499998438
no_scouts,4,auction,11,2052,1055,51.41325536062378,300,False,0,119.8925353925354,28117,188606,813,38,7,2573,0.1598927875243664,300,2.15995760000078
no_scouts,4,auction,12,1992,1582,79.41767068273093,300,False,0,162.09599614085866,15133,109868,882,25,4,2696,0.3559236947791164,300,1.9157429999977469
no_scouts,4,auction,13,2006,1144,57.02891326021934,300,False,1,153.8201368523949,20702,125564,782,21,2,2318,0.1792023928215353,300,1.9978354000013496
no_scouts,4,auction,14,2014,1377,68.37140019860973,300,False,0,148.40656020716443,19940,103614,854,10,2,2664,0.2785998013902681,300,2.056238699999085
no_scouts,4,auction,15,1995,1344,67.36842105263158,300,False,0,173.30232558139534,28394,178781,812,96,11,3098,0.271578947368421,300,1.8783105000002247
no_scouts,4,auction,16,2051,80,3.900536323744515,300,False,0,142.0767987065481,37323,288462,645,99,16,2571,-0.1726962457337884,300,2.3041410999976506
no_scouts,4,auction,17,2049,853,41.63006344558321,300,False,3,179.95110024449878,21344,125859,442,82,9,1745,0.0314104441190824,300,1.423853500000405
no_scouts,4,auction,18,2049,879,42.89897510980966,300,False,1,164.71527341294782,31333,219308,723,45,12,2375,0.0802928257686676,300,2.2139021000002685
no_scouts,4,auction,19,2034,1997,98.18092428711898,105,True,0,38.99158780231336,1243,6591,323,0,0,844,0.6172664700098327,105,0.6559761999997136
no_scouts,4,auction,20,2005,1045,52.11970074812968,300,False,0,132.07494279176203,52871,291563,790,34,11,2804,0.1648379052369076,300,2.7603754000010667
no_scouts,4,auction,21,2000,445,22.25,300,False,0,138.8070739549839,19319,184458,733,46,9,2650,-0.04425,300,1.8271053999997091
no_scouts,4,auction,22,2060,715,34.70873786407767,300,False,1,152.573093220339,17329,104383,503,107,17,2174,0.0229611650485436,300,1.2243325999988883
no_scouts,4,auction,23,2019,138,6.8350668647845465,300,False,0,148.9287410926366,29673,182040,829,64,9,2941,-0.1521545319465082,300,1.941158000001451
no_scouts,4,auction,24,2006,889,44.31704885343968,300,False,0,176.22153369481023,28135,162807,786,53,6,3064,0.1102193419740777,300,1.865336599999864
no_scouts,4,auction,25,2050,1492,72.78048780487805,300,False,1,151.38272178355783,11096,85317,791,24,3,2371,0.2894634146341463,300,1.7934682999984943
no_scouts,4,auction,26,2054,404,19.668938656280428,300,False,3,197.68648648648647,7823,64838,446,73,10,1853,-0.122317429406037,300,1.1173275000001013
no_scouts,4,auction,27,2072,1703,82.1911196911197,300,False,0,124.23094795539032,11444,60936,783,8,3,2433,0.3753378378378378,300,1.7747130999996443
no_scouts,4,auction,28,2050,580,28.29268292682927,300,False,1,161.00264783759928,33716,175885,606,78,17,2430,-0.0219512195121951,300,1.795928700001241
no_scouts,4,auction,29,2005,1184,59.052369077306736,300,False,0,146.66968599033817,17437,112682,860,56,6,2623,0.213366583541147,300,1.8872932999984189
scaling_2,5,independent,0,2061,1020,49.490538573508005,300,False,0,127.4887417218543,1733,6940,560,0,0,1718,0.146433770014556,300,1.475904900002206
scaling_2,5,independent,1,1988,275,13.832997987927566,300,False,0,135.351390236922,1633,8409,484,22,2,1718,-0.103169014084507,300,1.407349299999623
scaling_2,5,independent,2,2002,2001,99.95004995004994,20,True,0,6.392206159648021,100,412,26,0,0,120,0.6863170163170162,20,0.1311917999992147
scaling_2,5,independent,3,2049,459,22.40117130307467,300,False,0,140.45646968182575,1507,6434,446,28,5,1718,-0.0431918008784773,300,1.3836650000012014
scaling_2,5,independent,4,2018,1348,66.798810703667,300,False,0,127.4887417218543,1733,6940,560,0,0,1718,0.2675916749256689,300,1.5195862999971723
scaling_2,5,independent,5,2016,464,23.015873015873016,300,False,0,130.51152838184456,1555,8871,468,23,0,1718,-0.0388888888888889,300,1.4164955000014745
scaling_2,5,independent,6,2047,1164,56.86370297997069,300,False,0,127.4887417218543,1733,6940,560,0,0,1718,0.1980459208597947,300,1.4828887000003306
scaling_2,5,independent,7,2006,549,27.3678963110668,300,False,0,130.26304909923834,1701,6807,549,8,1,1718,-0.0084247258225324,300,1.5107755999997607
scaling_2,5,independent,8,2026,473,23.34649555774926,300,False,0,134.67705570291778,1649,6567,533,18,1,1718,-0.0365745310957552,300,1.445246399998723
scaling_2,5,independent,9,2046,817,39.93157380254154,300,False,0,127.4887417218543,1733,6940,560,0,0,1718,0.0795210166177907,300,1.5254888999988907
scaling_2,5,independent,10,2052,348,16.95906432748538,300,False,2,70.7292,1544,6120,498,12,3,1718,-0.1812865497076023,300,1.43426289999843
scaling_2,5,independent,11,2052,932,45.41910331384016,300,False,0,132.093755357449,11173,15898,502,4,3,1718,0.117933723196881,300,1.541599199998018
scaling_2,5,independent,12,1992,1519,76.25502008032129,300,False,0,131.43256791088527,1717,6866,549,0,0,1718,0.333785140562249,300,1.531227100000251
scaling_2,5,independent,13,2006,1142,56.92921236291127,300,False,0,127.4887417218543,1733,6940,560,0,0,1718,0.1985044865403788,300,1.5059342999993532
scaling_2,5,independent,14,2014,1309,64.99503475670308,300,False,0,130.04180598678448,1673,6719,523,0,0,1718,0.2549652432969215,300,1.4752650000009453
scaling_2,5,independent,15,1995,754,37.794486215538846,300,False,1,135.5253682487725,1280,12402,308,28,3,1718,0.0145614035087718,300,1.2116937999999209
scaling_2,5,independent,16,2051,261,12.72549975621648,300,False,1,128.10476190476192,1223,5620,382,18,1,1718,-0.1609215017064846,300,1.2646798999994644
scaling_2,5,independent,17,2049,655,31.966813079551,300,False,1,130.23116438356163,1650,6522,533,12,5,1718,-0.026232308443143,300,1.466175600002316
scaling_2,5,independent,18,2049,441,21.52269399707174,300,False,0,133.7369159857532,1499,8963,445,30,4,1718,-0.0493411420204978,300,1.367869100002281
scaling_2,5,independent,19,2034,1997,98.18092428711898,105,True,0,40.699871522239945,604,2180,192,0,0,610,0.6172664700098327,105,0.5569332000013674
scaling_2,5,independent,20,2005,750,37.406483790523694,300,False,0,131.615228153219,1689,6763,546,10,0,1718,0.0618453865336658,300,1.4954077000002144
scaling_2,5,independent,21,2000,463,23.15,300,False,0,132.1112540516242,1496,14133,387,38,4,1718,-0.03795,300,1.3579520999992385
scaling_2,5,independent,22,2060,65,3.155339805825242,300,False,2,70.7292,370,2242,104,13,3,1718,-0.2779126213592233,300,0.9270014000030642
scaling_2,5,independent,23,2019,120,5.943536404160476,300,False,1,156.80929095354523,1087,6600,256,22,1,1718,-0.2083952451708767,300,1.1454899000018486
scaling_2,5,independent,24,2006,664,33.100697906281155,300,False,0,133.86039397385412,1567,6259,501,27,2,1718,0.031704885343968,300,1.417837500001042
scaling_2,5,independent,25,2050,1322,64.48780487804878,300,False,0,129.0019389438944,1722,6877,552,0,0,1718,0.2514146341463414,300,1.4931195999997726
scaling_2,5,independent,26,2054,533,25.949367088607595,300,False,0,136.02319569093106,1524,20746,348,36,3,1718,-0.0183544303797468,300,1.3407396000002336
scaling_2,5,independent,27,2072,1611,77.75096525096525,300,False,0,129.67170061347105,1669,6779,523,0,0,1718,0.3442567567567567,300,1.4671899000022677
scaling_2,5,independent,28,2050,501,24.4390243902439,300,False,1,121.390625,2095,55621,203,26,6,1718,-0.0789268292682927,300,1.3155260999992606
scaling_2,5,independent,29,2005,1060,52.86783042394015,300,False,0,132.97865369031294,1632,6750,497,0,0,1718,0.170074812967581,300,1.4374760999999123
scaling_2,5,greedy,0,2061,1150,55.79815623483746,300,False,0,54.7756,37820,96755,268,33,8,2406,0.1905870936438621,300,1.9834588000012443
scaling_2,5,greedy,1,1988,525,26.408450704225352,300,False,0,53.658,40119,80705,260,13,1,2364,-0.0151408450704225,300,2.277221799999097
scaling_2,5,greedy,2,2002,2001,99.95004995004994,20,True,0,4.704678362573099,82,730,11,0,0,171,0.6863170163170162,20,0.1158385000017006
scaling_2,5,greedy,3,2049,684,33.38213762811127,300,False,0,52.4804,6129,49277,225,20,5,2373,0.0336749633967788,300,1.6334965999994893
scaling_2,5,greedy,4,2018,1347,66.74925668979188,300,False,0,59.4216,3863,33743,210,19,5,2368,0.267244796828543,300,1.3156670999997004
scaling_2,5,greedy,5,2016,466,23.115079365079364,300,False,0,54.5896,6192,35052,240,26,7,2327,-0.0381944444444444,300,1.7642452000000048
scaling_2,5,greedy,6,2047,1163,56.81485100146556,300,False,0,63.3528,5253,58823,265,16,4,2342,0.1977039570102589,300,1.4664949999969394
scaling_2,5,greedy,7,2006,581,28.963110667996013,300,False,0,59.9212,3776,22461,216,20,6,2298,0.002741774675972,300,1.529842700001609
scaling_2,5,greedy,8,2026,509,25.12339585389931,300,False,0,59.164,5065,42640,220,26,6,2348,-0.0241362290227048,300,1.5422526000002108
scaling_2,5,greedy,9,2046,1056,51.61290322580645,300,False,0,52.5824,5367,70400,232,25,5,2347,0.1612903225806451,300,1.6243612999969628
scaling_2,5,greedy,10,2052,442,21.539961013645225,300,False,0,66.9644,11422,52573,187,20,4,2320,-0.0492202729044834,300,1.8854281000021729
scaling_2,5,greedy,11,2052,942,45.90643274853801,300,False,0,58.5912,114196,154852,209,23,6,2435,0.121345029239766,300,2.5290610999982164
scaling_2,5,greedy,12,1992,1609,80.77309236947791,300,False,0,53.6952,6676,56089,240,39,12,2398,0.3654116465863453,300,1.4677904000018316
scaling_2,5,greedy,13,2006,1142,56.92921236291127,300,False,0,58.592711253504206,4857,34160,271,14,7,2345,0.1985044865403788,300,1.493446699998458
scaling_2,5,greedy,14,2014,1385,68.76861966236346,300,False,0,59.6604,5229,30003,293,20,1,2403,0.2813803376365441,300,1.4645999999993364
scaling_2,5,greedy,15,1995,752,37.69423558897243,300,False,0,60.3704,76485,109096,215,14,7,2403,0.063859649122807,300,2.1620972999990045
scaling_2,5,greedy,16,2051,82,3.998049731838128,300,False,1,53.5364,4069,16445,120,22,5,2014,-0.2220136518771331,300,1.44160230000125
scaling_2,5,greedy,17,2049,586,28.59931673987311,300,False,0,54.1,22742,61887,180,39,5,2399,0.0001952171791117,300,1.8007442999987688
scaling_2,5,greedy,18,2049,933,45.534407027818446,300,False,0,58.96,208994,227421,222,20,4,2373,0.1187408491947291,300,3.449867499999528
scaling_2,5,greedy,19,2034,1997,98.18092428711898,105,True,0,41.85300316122234,1709,12517,76,0,0,874,0.6172664700098327,105,0.4778293000017584
scaling_2,5,greedy,20,2005,745,37.1571072319202,300,False,0,51.748,5744,37322,180,22,6,2346,0.0600997506234413,300,1.711825400001544
scaling_2,5,greedy,21,2000,507,25.35,300,False,1,65.328,79895,104541,169,25,9,2256,-0.07255,300,2.378417799998715
scaling_2,5,greedy,22,2060,79,3.83495145631068,300,False,1,57.8304,6975,20602,136,27,9,2093,-0.2231553398058252,300,1.3004204999997455
scaling_2,5,greedy,23,2019,104,5.151064883605746,300,False,0,57.1164,77494,118842,212,28,8,2357,-0.1639425458147598,300,2.55465539999932
scaling_2,5,greedy,24,2006,663,33.05084745762712,300,False,0,51.9576,6195,35075,208,37,12,2377,0.0313559322033898,300,1.6885560000009718
scaling_2,5,greedy,25,2050,1325,64.63414634146342,300,False,0,64.8604,4489,36939,264,18,4,2374,0.2524390243902438,300,1.4280612000002293
scaling_2,5,greedy,26,2054,359,17.47809152872444,300,False,0,51.868,5816,40667,248,14,2,2353,-0.0776533592989289,300,1.533564599998499
scaling_2,5,greedy,27,2072,1765,85.18339768339769,300,False,0,54.2404,5344,34125,257,15,5,2475,0.3962837837837837,300,1.3372371000004932
scaling_2,5,greedy,28,2050,236,11.51219512195122,300,False,0,50.9156,7161,52455,247,17,3,2287,-0.1194146341463414,300,1.8189965000019583
scaling_2,5,greedy,29,2005,1062,52.96758104738154,300,False,0,54.6788,8620,65155,228,26,3,2388,0.1707730673316708,300,1.6450613999986672
scaling_2,5,auction,0,2061,1156,56.08927704997574,300,False,0,58.088,6776,50226,206,35,11,2465,0.1926249393498301,300,1.5453182999990531
scaling_2,5,auction,1,1988,527,26.50905432595573,300,False,0,49.9876,11344,53754,180,26,1,2374,-0.0144366197183098,300,1.8258452000009129
scaling_2,5,auction,2,2002,2001,99.95004995004994,20,True,0,4.704678362573099,82,730,11,0,0,171,0.6863170163170162,20,0.1236505000015313
scaling_2,5,auction,3,2049,690,33.674963396778914,300,False,0,52.9984,20395,73566,212,27,7,2504,0.0357247437774523,300,1.85108400000172
scaling_2,5,auction,4,2018,1359,67.34390485629336,300,False,0,59.493397358943575,5135,42833,233,24,8,2471,0.2714073339940535,300,1.390015199998743
scaling_2,5,auction,5,2016,455,22.569444444444443,300,False,0,67.94,7548,33247,270,32,8,2348,-0.0420138888888889,300,1.6607837000010477
scaling_2,5,auction,6,2047,1200,58.62237420615535,300,False,0,55.5464,9275,60173,243,19,3,2399,0.2103566194430874,300,1.583311300000787
scaling_2,5,auction,7,2006,555,27.666999002991027,300,False,1,54.9808,15287,30911,164,30,6,2186,-0.0563310069790628,300,1.696251299999858
scaling_2,5,auction,8,2026,503,24.82724580454097,300,False,0,59.4384,8366,47438,189,23,8,2429,-0.0262092793682132,300,1.5941454999992857
scaling_2,5,auction,9,2046,1055,51.56402737047898,300,False,0,61.2552,12857,82337,231,20,3,2434,0.1609481915933528,300,1.7322292999997444
scaling_2,5,auction,10,2052,442,21.539961013645225,300,False,0,64.5608,12773,55291,259,30,4,2425,-0.0492202729044834,300,1.9361327000005983
scaling_2,5,auction,11,2052,932,45.41910331384016,300,False,1,64.0152,14072,60649,218,26,5,2380,0.067933723196881,300,1.567473399998562
scaling_2,5,auction,12,1992,1561,78.36345381526104,300,False,0,52.1156,6899,51291,284,26,11,2455,0.3485441767068272,300,1.4704218999977456
scaling_2,5,auction,13,2006,1142,56.92921236291127,300,False,0,58.73808570284341,7927,42825,270,14,7,2363,0.1985044865403788,300,1.6417753000023367
scaling_2,5,auction,14,2014,1323,65.6901688182721,300,False,1,53.234,8206,38040,213,11,2,2232,0.2098311817279046,300,1.599855500000558
scaling_2,5,auction,15,1995,753,37.74436090225564,300,False,1,56.21,14399,41622,182,20,6,2201,0.0142105263157894,300,1.5235517999972217
scaling_2,5,auction,16,2051,78,3.803022915650902,300,False,1,59.8964,12156,27921,108,28,2,2030,-0.2233788395904437,300,1.701746099999582
scaling_2,5,auction,17,2049,591,28.84333821376281,300,False,0,61.1728,21319,69914,220,31,4,2637,0.0019033674963396,300,1.857279899999412
scaling_2,5,auction,18,2049,399,19.472913616398245,300,False,0,63.6688,4805,32862,187,24,8,3577,-0.0636896046852123,300,1.71706020000056
scaling_2,5,auction,19,2034,1997,98.18092428711898,105,True,0,41.85300316122234,1791,14706,78,0,0,880,0.6172664700098327,105,0.5130255000003672
scaling_2,5,auction,20,2005,750,37.406483790523694,300,False,0,50.0732,16847,64367,183,47,8,2697,0.0618453865336658,300,1.942993699998624
scaling_2,5,auction,21,2000,506,25.3,300,False,1,58.0312,37184,76649,158,39,10,2222,-0.0729,300,1.9231578999970225
scaling_2,5,auction,22,2060,86,4.174757281553398,300,False,1,63.8476,8556,31160,122,30,9,2205,-0.2207766990291262,300,1.380322699998942
scaling_2,5,auction,23,2019,378,18.7221396731055,300,False,0,53.168,31927,84444,195,37,13,2405,-0.0689450222882615,300,2.0656585000033374
scaling_2,5,auction,24,2006,663,33.05084745762712,300,False,0,55.854,10794,48392,213,38,12,2395,0.0313559322033898,300,1.7616549000013038
scaling_2,5,auction,25,2050,1321,64.4390243902439,300,False,0,62.90036014405762,7497,50831,232,22,4,2456,0.2510731707317072,300,1.5393291000000318
scaling_2,5,auction,26,2054,359,17.47809152872444,300,False,1,52.8512,7232,47411,239,16,2,2391,-0.1276533592989289,300,1.665745300000708
scaling_2,5,auction,27,2072,1820,87.83783783783784,185,True,0,74.6552,6759,40440,148,15,6,1556,0.4915315315315314,185,0.9714743000004092
scaling_2,5,auction,28,2050,294,14.341463414634148,300,False,0,63.4144,16310,67487,233,37,9,2496,-0.099609756097561,300,1.9265225999988616
scaling_2,5,auction,29,2005,1061,52.917705735660846,300,False,0,61.17,12555,84692,268,27,4,2416,0.1704239401496259,300,1.7059757999995782
scaling_5,5,independent,0,2061,1020,49.490538573508005,300,False,0,127.16481785373074,4220,16825,1349,0,0,1718,0.146433770014556,300,2.5195328000008885
scaling_5,5,independent,1,1988,365,18.36016096579477,300,False,1,132.06453440732292,3958,17121,1224,55,11,1718,-0.0914788732394366,300,2.39112980000209
scaling_5,5,independent,2,2002,2001,99.95004995004994,20,True,0,6.480809165771572,247,845,71,0,0,120,0.6863170163170162,20,0.1821027000005415
scaling_5,5,independent,3,2049,459,22.40117130307467,300,False,0,132.12649747976968,8594,20650,1125,33,7,1718,-0.0431918008784773,300,2.3344164000009187
scaling_5,5,independent,4,2018,1348,66.798810703667,300,False,0,127.16481785373074,4220,16825,1349,0,0,1718,0.2675916749256689,300,2.5132713000020885
scaling_5,5,independent,5,2016,666,33.035714285714285,300,False,0,128.97475127507752,4138,17987,1293,22,4,1718,0.0312499999999999,300,2.4757547000008344
scaling_5,5,independent,6,2047,1164,56.86370297997069,300,False,0,127.16481785373074,4220,16825,1349,0,0,1718,0.1980459208597947,300,2.5376711999997497
scaling_5,5,independent,7,2006,590,29.41176470588235,300,False,0,128.58158403968815,4108,17554,1299,22,4,1718,0.0058823529411764,300,2.496862100000726
scaling_5,5,independent,8,2026,546,26.94965449160908,300,False,0,128.39517672022913,4174,16595,1336,10,2,1718,-0.0113524185587364,300,2.515778200002387
scaling_5,5,independent,9,2046,817,39.93157380254154,300,False,0,127.16481785373074,4220,16825,1349,0,0,1718,0.0795210166177907,300,2.540453300000081
scaling_5,5,independent,10,2052,475,23.14814814814815,300,False,0,133.44773007795976,4043,15954,1281,28,9,1718,-0.0379629629629629,300,2.4206974000007904
scaling_5,5,independent,11,2052,929,45.2729044834308,300,False,0,129.1331157837139,23097,34892,1213,0,0,1718,0.1169103313840155,300,2.6057259000008344
scaling_5,5,independent,12,1992,1519,76.25502008032129,300,False,0,129.11212857549046,4181,16729,1321,0,0,1718,0.333785140562249,300,2.478310200000124
scaling_5,5,independent,13,2006,1142,56.92921236291127,300,False,0,127.16481785373074,4220,16825,1349,0,0,1718,0.1985044865403788,300,2.5789092000013625
scaling_5,5,independent,14,2014,1309,64.99503475670308,300,False,0,127.8412810321297,4083,16286,1264,0,0,1718,0.2549652432969215,300,2.4676952000008896
scaling_5,5,independent,15,1995,1101,55.18796992481203,300,False,0,126.91064646819255,4104,16518,1285,21,6,1718,0.1863157894736841,300,2.5239320999971824
scaling_5,5,independent,16,2051,262,12.774256460263286,300,False,1,126.81364859711728,3595,15399,1115,23,3,1718,-0.130580204778157,300,2.2992424000003666
scaling_5,5,independent,17,2049,634,30.94192288921425,300,False,0,128.0784842782701,4123,30590,1170,39,4,1718,0.0165934602244997,300,2.492027299998881
scaling_5,5,independent,18,2049,581,28.355295265983408,300,False,0,128.76933430837866,4027,16113,1267,27,5,1718,-0.0015129331381161,300,2.469814000000042
scaling_5,5,independent,19,2034,1997,98.18092428711898,105,True,0,39.01679153508344,1497,5210,480,0,0,610,0.6172664700098327,105,0.9845480999974824
scaling_5,5,independent,20,2005,849,42.34413965087282,300,False,0,128.9273948620462,4143,16373,1317,12,2,1718,0.0964089775561097,300,2.573185700002796
scaling_5,5,independent,21,2000,461,23.05,300,False,2,130.57536698839394,3056,19501,881,50,3,1718,-0.07865,300,2.0844242999992275
scaling_5,5,independent,22,2060,201,9.75728155339806,300,False,1,119.63798595411686,2999,13396,891,51,8,1718,-0.1516990291262136,300,2.0958251999982167
scaling_5,5,independent,23,2019,241,11.936602278355622,300,False,0,136.81151024756468,3633,16196,1071,60,7,1718,-0.1164437840515106,300,2.328723500002525
scaling_5,5,independent,24,2006,657,32.75174476570289,300,False,0,130.50977618097187,4063,16149,1279,27,2,1718,0.0292622133599201,300,2.546971300002042
scaling_5,5,independent,25,2050,1322,64.48780487804878,300,False,0,127.48478510268512,4199,16728,1333,0,0,1718,0.2514146341463414,300,2.6046458999990136
scaling_5,5,independent,26,2054,512,24.9269717624148,300,False,0,133.89163659092142,10027,70684,885,52,3,1718,-0.0255111976630964,300,2.3518184999993537
scaling_5,5,independent,27,2072,1611,77.75096525096525,300,False,0,130.17390710330488,4067,16462,1263,0,0,1718,0.3442567567567567,300,2.515110399999685
scaling_5,5,independent,28,2050,511,24.92682926829268,300,False,1,126.8777790728795,4154,43076,1020,64,9,1718,-0.0455121951219512,300,2.378342399999383
scaling_5,5,independent,29,2005,1060,52.86783042394015,300,False,0,132.97744345197435,4017,16550,1216,0,0,1718,0.170074812967581,300,2.494507800001884
scaling_5,5,greedy,0,2061,1145,55.55555555555556,300,False,3,59.1864,10275,90032,400,65,12,2940,0.1288888888888889,300,1.9915156999995816
scaling_5,5,greedy,1,1988,563,28.319919517102612,300,False,3,62.3844,9738,73300,290,52,11,2706,-0.0617605633802817,300,2.180827000000136
scaling_5,5,greedy,2,2002,2001,99.95004995004994,20,True,0,4.300813008130081,479,3357,25,0,0,241,0.6863170163170162,20,0.163263200000074
scaling_5,5,greedy,3,2049,453,22.10834553440703,300,False,0,45.9532,47981,187318,488,68,13,3357,-0.0452415812591508,300,2.9748213999992004
scaling_5,5,greedy,4,2018,1417,70.21803766105054,300,False,0,54.8944,7682,72032,585,58,18,3438,0.2915262636273538,300,2.004355299999588
scaling_5,5,greedy,5,2016,1012,50.198412698412696,300,False,0,60.0584,70420,222828,556,84,19,3349,0.1513888888888888,300,3.027631499997369
scaling_5,5,greedy,6,2047,1483,72.44748412310699,300,False,0,55.3812,65550,188393,567,58,14,3415,0.3071323888617488,300,2.85054830000081
scaling_5,5,greedy,7,2006,650,32.40279162512463,300,False,0,60.445870088211706,64199,149264,484,60,25,3312,0.0268195413758723,300,2.587490900001285
scaling_5,5,greedy,8,2026,466,23.000987166831194,300,False,2,51.2712,87368,168065,401,63,14,3132,-0.0789930898321816,300,2.9691907000014908
scaling_5,5,greedy,9,2046,1039,50.78201368523949,300,False,0,53.9552,15328,163161,541,73,19,3360,0.1554740957966764,300,2.363749399999506
scaling_5,5,greedy,10,2052,418,20.37037037037037,300,False,1,56.6736,13154,92476,432,69,7,3064,-0.0774074074074074,300,2.474384100001771
scaling_5,5,greedy,11,2052,1047,51.0233918128655,300,False,0,54.096,13342,119663,480,68,23,3426,0.1571637426900584,300,2.1813817999973253
scaling_5,5,greedy,12,1992,1625,81.57630522088354,300,False,4,60.39391513210568,11185,67724,453,41,11,2972,0.2910341365461847,300,1.9673097000013515
scaling_5,5,greedy,13,2006,1226,61.11665004985045,300,False,0,53.7528,17479,154897,630,72,14,3361,0.2278165503489531,300,2.3788629999980917
scaling_5,5,greedy,14,2014,1412,70.10923535253228,300,False,1,55.8108,18385,107223,422,81,13,3106,0.2707646474677258,300,2.014165599997796
scaling_5,5,greedy,15,1995,805,40.35087719298246,300,False,1,48.9172,19362,103400,416,78,16,3284,0.0624561403508771,300,2.2027023999980884
scaling_5,5,greedy,16,2051,98,4.778156996587031,300,False,3,55.92,13495,76580,241,43,6,2527,-0.2265529010238908,300,1.8998074000010088
scaling_5,5,greedy,17,2049,662,32.30844314299658,300,False,0,46.07,67665,255537,543,86,11,3416,0.026159102000976,300,3.194783799997822
scaling_5,5,greedy,18,2049,462,22.547584187408493,300,False,0,49.0548,21101,134208,534,66,24,3318,-0.0421669106881405,300,2.912108900000021
scaling_5,5,greedy,19,2034,1996,98.13176007866274,105,True,0,38.88661267270129,2745,25741,174,1,1,1285,0.6169223205506391,105,0.8398378000019875
scaling_5,5,greedy,20,2005,763,38.05486284289277,300,False,2,52.3852,10333,69356,382,71,22,2966,0.0263840399002493,300,1.8847003000009863
scaling_5,5,greedy,21,2000,556,27.8,300,False,0,53.2764,203365,317205,528,56,10,3311,-0.0054,300,4.268529900000431
scaling_5,5,greedy,22,2060,93,4.514563106796117,300,False,0,50.5668,18883,167599,474,111,16,3257,-0.1683980582524272,300,2.4208983999997145
scaling_5,5,greedy,23,2019,172,8.519068845963348,300,False,1,47.2972,15677,119892,468,80,10,3167,-0.1603665180782565,300,2.34823939999842
scaling_5,5,greedy,24,2006,1433,71.4356929212363,300,False,0,55.0416,76861,160167,590,66,19,3467,0.300049850448654,300,2.7586609999998477
scaling_5,5,greedy,25,2050,1665,81.21951219512195,300,False,1,56.7088,10913,90635,506,74,9,3326,0.3485365853658536,300,1.9455271000006176
scaling_5,5,greedy,26,2054,401,19.522882181110027,300,False,0,52.7332,15803,129817,576,59,4,3328,-0.0633398247322298,300,2.4215819999990345
scaling_5,5,greedy,27,2072,1835,88.56177606177606,165,True,0,68.9624,17046,65095,281,19,6,1901,0.5099324324324325,165,1.27712899999824
scaling_5,5,greedy,28,2050,284,13.853658536585366,300,False,2,54.7604,20310,132550,419,59,10,3019,-0.1430243902439024,300,2.5182979999990494
scaling_5,5,greedy,29,2005,1204,60.0498753117207,300,False,0,55.3896,143711,226013,591,66,14,3459,0.2203491271820448,300,3.4155944000012823
scaling_5,5,auction,0,2061,1241,60.21348859776808,300,False,3,60.7968,17734,102199,380,55,16,3023,0.1614944201843764,300,2.011481099998491
scaling_5,5,auction,1,1988,562,28.269617706237423,300,False,2,51.166,22526,133795,378,70,16,3242,-0.042112676056338,300,2.367243500000768
scaling_5,5,auction,2,2002,2001,99.95004995004994,20,True,0,4.300813008130081,479,3357,25,0,0,241,0.6863170163170162,20,0.1688824000011664
scaling_5,5,auction,3,2049,449,21.913128355295267,300,False,0,49.6812,112989,267482,523,68,14,3723,-0.0466081015129331,300,3.752859700001864
scaling_5,5,auction,4,2018,1361,67.44301288404361,300,False,1,53.98,19533,156661,548,60,14,3792,0.2521010901883052,300,2.251202799998282
scaling_5,5,auction,5,2016,1015,50.34722222222222,300,False,0,55.42,54895,234281,556,79,17,3675,0.1524305555555555,300,2.914997100000619
scaling_5,5,auction,6,2047,1347,65.80361504640938,300,False,0,59.6276,204318,330831,569,61,5,3663,0.2606253053248656,300,4.113166799997998
scaling_5,5,auction,7,2006,657,32.75174476570289,300,False,0,63.062,53230,251891,608,76,22,3557,0.0292622133599201,300,3.0504839999994147
scaling_5,5,auction,8,2026,465,22.95162882527147,300,False,0,52.5868,33507,181101,606,91,13,3514,-0.0393385982230997,300,2.7882878000018536
scaling_5,5,auction,9,2046,1025,50.09775171065494,300,False,1,58.4288,92108,287056,587,70,15,3748,0.1306842619745845,300,3.4542441999983566
scaling_5,5,auction,10,2052,434,21.15009746588694,300,False,1,69.778,58357,116156,366,64,17,5186,-0.0719493177387914,300,2.745202900001459
scaling_5,5,auction,11,2052,1009,49.17153996101364,300,False,0,51.4284,25749,185192,552,75,19,3718,0.1442007797270955,300,2.585850899999059
scaling_5,5,auction,12,1992,1615,81.07429718875503,300,False,2,60.26832198638366,17699,94240,585,37,16,3286,0.3275200803212851,300,2.184025800001109
scaling_5,5,auction,13,2006,1235,61.56530408773679,300,False,0,54.5668,17532,165676,685,67,21,3563,0.2309571286141575,300,2.491120700000465
scaling_5,5,auction,14,2014,1395,69.26514399205561,300,False,1,49.9772,34749,160736,494,92,12,3323,0.2648560079443892,300,2.485012299999653
scaling_5,5,auction,15,1995,760,38.095238095238095,300,False,2,54.5496,35677,160510,420,73,9,3821,0.0266666666666665,300,2.6022173999990628
scaling_5,5,auction,16,2051,271,13.213066796684544,300,False,2,56.1768,49193,99194,409,61,16,2852,-0.1475085324232082,300,2.320610400001897
scaling_5,5,auction,17,2049,655,31.966813079551,300,False,2,51.894,15526,149637,414,98,10,3818,-0.016232308443143,300,2.43598049999855
scaling_5,5,auction,18,2049,510,24.890190336749637,300,False,1,48.2596,24877,161749,476,61,24,3786,-0.0457686676427525,300,2.7904983999978867
scaling_5,5,auction,19,2034,1996,98.13176007866274,105,True,0,38.88661267270129,2916,29000,179,1,1,1315,0.6169223205506391,105,0.7897559000011825
scaling_5,5,auction,20,2005,1155,57.60598503740648,300,False,1,52.2596,94128,211226,498,89,15,3365,0.1832418952618453,300,2.970952599996963
scaling_5,5,auction,21,2000,548,27.4,300,False,0,57.5496,147342,317128,470,69,14,3503,-0.0082,300,4.047919500000717
scaling_5,5,auction,22,2060,96,4.660194174757281,300,False,0,62.9892,39876,232303,620,74,10,3395,-0.167378640776699,300,3.1843366000030078
scaling_5,5,auction,23,2019,256,12.67954432887568,300,False,0,46.478,34845,174901,583,64,13,3426,-0.1112431896978702,300,2.921126799999911
scaling_5,5,auction,24,2006,1561,77.81655034895314,215,True,0,51.2816,40313,159373,507,67,22,2765,0.4013825191093386,215,2.263505400002032
scaling_5,5,auction,25,2050,1901,92.73170731707316,219,True,1,52.3688,15850,90537,393,44,7,2630,0.4831219512195122,219,1.6530853000003844
scaling_5,5,auction,26,2054,395,19.23076923076923,300,False,2,49.8832,24883,137006,502,92,16,4120,-0.1053846153846154,300,2.667029200001707
scaling_5,5,auction,27,2072,1834,88.51351351351352,163,True,1,70.874,24337,95842,261,20,6,1931,0.4909279279279278,163,1.4255651000021317
scaling_5,5,auction,28,2050,321,15.658536585365852,300,False,1,51.0244,38045,168676,539,68,8,3592,-0.110390243902439,300,2.9593105999992986
scaling_5,5,auction,29,2005,1200,59.85037406483791,300,False,2,58.3772,64066,235703,653,47,5,3406,0.1789526184538653,300,3.171656200000143
scaling_10,5,independent,0,2061,1020,49.490538573508005,300,False,0,124.61272066857252,8365,32184,2657,0,0,1718,0.146433770014556,300,4.397441499997512
scaling_10,5,independent,1,1988,360,18.10865191146881,300,False,0,128.82589412447032,8025,34125,2488,58,11,1718,-0.0732394366197183,300,4.136156200002006
scaling_10,5,independent,2,2002,2001,99.95004995004994,20,True,0,4.9525094757798165,431,1580,109,0,0,120,0.6863170163170162,20,0.2334207999992941
scaling_10,5,independent,3,2049,447,21.815519765739385,300,False,0,126.92216770514015,26780,49403,2211,42,6,1718,-0.0472913616398243,300,4.0945677000017895
scaling_10,5,independent,4,2018,1348,66.798810703667,300,False,0,124.61272066857252,8365,32184,2657,0,0,1718,0.2675916749256689,300,4.288682099999278
scaling_10,5,independent,5,2016,667,33.08531746031746,300,False,0,125.59179715854064,8273,33218,2609,19,5,1718,0.0315972222222221,300,4.375711599997885
scaling_10,5,independent,6,2047,1164,56.86370297997069,300,False,0,124.61272066857252,8365,32184,2657,0,0,1718,0.1980459208597947,300,4.361096699998598
scaling_10,5,independent,7,2006,590,29.41176470588235,300,False,1,125.67255806424352,8117,31107,2576,24,5,1718,-0.0041176470588235,300,4.308357599998999
scaling_10,5,independent,8,2026,555,27.393879565646596,300,False,1,125.44481860577908,8267,32150,2611,22,5,1718,-0.0182428430404738,300,4.315979200000584
scaling_10,5,independent,9,2046,817,39.93157380254154,300,False,0,124.61272066857252,8365,32184,2657,0,0,1718,0.0795210166177907,300,4.3574767999998585
scaling_10,5,independent,10,2052,509,24.80506822612086,300,False,0,127.73091678209424,8190,31564,2589,33,16,1718,-0.026364522417154,300,4.291402800001379
scaling_10,5,independent,11,2052,931,45.37037037037037,300,False,0,124.96986500972784,36470,59009,2326,4,1,1718,0.1175925925925925,300,4.277636499999062
scaling_10,5,independent,12,1992,1519,76.25502008032129,300,False,0,127.29551315566304,8237,31843,2576,0,0,1718,0.333785140562249,300,4.315106000001833
scaling_10,5,independent,13,2006,1142,56.92921236291127,300,False,0,124.61272066857252,8365,32184,2657,0,0,1718,0.1985044865403788,300,4.365058200000931
scaling_10,5,independent,14,2014,1309,64.99503475670308,300,False,0,125.5974955570753,8108,31035,2494,0,0,1718,0.2549652432969215,300,4.168164999999135
scaling_10,5,independent,15,1995,1102,55.23809523809524,300,False,0,123.80288036274004,8178,32144,2546,20,4,1718,0.1866666666666666,300,4.266107500003272
scaling_10,5,independent,16,2051,396,19.30765480253535,300,False,0,124.50477594197,8054,32891,2482,31,6,1718,-0.0648464163822525,300,4.123379799999384
scaling_10,5,independent,17,2049,658,32.11322596388482,300,False,0,124.92952838706108,8266,31800,2608,33,3,1718,0.0247925817471937,300,4.32432880000124
scaling_10,5,independent,18,2049,576,28.111273792093705,300,False,0,125.31863636494464,8142,31336,2539,22,7,1718,-0.003221083455344,300,4.189117500001885
scaling_10,5,independent,19,2034,1997,98.18092428711898,105,True,0,38.227509151873335,2907,9537,921,0,0,610,0.6172664700098327,105,1.5117102000003797
scaling_10,5,independent,20,2005,839,41.84538653366584,300,False,0,124.41792565727216,8275,31446,2616,13,4,1718,0.0929177057356608,300,4.354689799998596
scaling_10,5,independent,21,2000,551,27.55,300,False,0,125.82960193864874,8101,32472,2487,33,6,1718,-0.00715,300,4.146236000000499
scaling_10,5,independent,22,2060,212,10.29126213592233,300,False,2,121.05947396548244,6532,37471,1751,180,14,1718,-0.1479611650485437,300,3.285258799998701
scaling_10,5,independent,23,2019,330,16.344725111441306,300,True,2,129.0783159994152,6964,28441,2034,51,4,1718,-0.1055869242199108,300,3.6051933000017016
scaling_10,5,independent,24,2006,663,33.05084745762712,300,False,0,127.3178905042606,8132,31276,2538,30,3,1718,0.0313559322033898,300,4.225836300000083
scaling_10,5,independent,25,2050,1322,64.48780487804878,300,False,0,125.20216927367665,8330,31983,2628,0,0,1718,0.2514146341463414,300,4.359529199999088
scaling_10,5,independent,26,2054,575,27.994157740993185,300,False,0,127.3434523673236,8141,38838,2326,77,6,1718,-0.0040408958130477,300,3.9778374999987136
scaling_10,5,independent,27,2072,1611,77.75096525096525,300,False,0,127.37871073755836,8067,31640,2487,0,0,1718,0.3442567567567567,300,4.130672200000845
scaling_10,5,independent,28,2050,538,26.24390243902439,300,False,0,125.19506306765469,9022,67730,2353,59,9,1718,-0.0162926829268292,300,4.1874425999994855
scaling_10,5,independent,29,2005,1086,54.1645885286783,300,False,0,129.56754983192295,7804,31726,2312,7,1,1718,0.179152119700748,300,3.967432800000097
scaling_10,5,greedy,0,2061,1381,67.00630761766134,300,False,0,55.0164,39334,324052,1175,94,25,5106,0.2690441533236293,300,3.9992288000030394
scaling_10,5,greedy,1,1988,1000,50.30181086519115,300,False,2,57.1336,35338,242953,892,141,32,4695,0.1321126760563379,300,3.387116900001274
scaling_10,5,greedy,2,2002,2001,99.95004995004994,20,True,0,3.503957783641161,1044,8935,33,0,0,339,0.6863170163170162,20,0.2182444999998551
scaling_10,5,greedy,3,2049,825,40.26354319180088,300,False,0,40.296,72001,497047,930,139,21,5023,0.0818448023426061,300,4.908584200002224
scaling_10,5,greedy,4,2018,1381,68.43409316154609,300,False,1,54.5972,29651,284655,1017,76,20,5154,0.2690386521308225,300,3.6843444000005543
scaling_10,5,greedy,5,2016,502,24.90079365079365,300,False,0,50.1536,40729,314038,1236,106,25,4967,-0.0256944444444444,300,4.120684400000755
scaling_10,5,greedy,6,2047,1284,62.72594040058623,300,False,2,48.6456,44902,396886,1075,137,32,4850,0.2190815828041035,300,4.133327600000484
scaling_10,5,greedy,7,2006,876,43.66899302093719,300,False,0,57.4104,153221,441210,970,127,18,5171,0.1056829511465602,300,4.945851599997695
scaling_10,5,greedy,8,2026,719,35.48864758144126,300,False,0,41.7112,77385,518850,1064,122,23,4974,0.0484205330700888,300,4.863526099998126
scaling_10,5,greedy,9,2046,881,43.05962854349952,300,False,0,47.8624,47036,348607,982,141,27,4994,0.1014173998044965,300,3.944789299999684
scaling_10,5,greedy,10,2052,520,25.341130604288495,300,False,1,54.056,253382,476691,841,93,21,4765,-0.0326120857699805,300,5.877997399999003
scaling_10,5,greedy,11,2052,1209,58.91812865497076,300,False,1,46.6384,41183,470586,1157,101,24,4867,0.2024269005847953,300,4.609385900002962
scaling_10,5,greedy,12,1992,1787,89.70883534136546,249,True,1,56.7024,25821,237107,845,62,10,4297,0.4519618473895581,249,3.112561599999026
scaling_10,5,greedy,13,2006,1268,63.21036889332004,300,False,0,52.9964,35990,326922,888,98,17,5089,0.2424725822532402,300,3.656045899999299
scaling_10,5,greedy,14,2014,1464,72.69116186693148,300,False,2,49.9584,30723,198133,698,161,19,4726,0.2888381330685203,300,2.828096400000504
scaling_10,5,greedy,15,1995,859,43.05764411027569,300,False,0,68.8856,62960,308600,1015,114,29,4792,0.1014035087719297,300,3.8702884000013
scaling_10,5,greedy,16,2051,439,21.404193076548022,300,False,2,41.726,35030,293968,962,134,25,4643,-0.0701706484641638,300,3.524506999998266
scaling_10,5,greedy,17,2049,988,48.218643240605175,300,False,1,62.2864,372413,549643,768,99,17,4877,0.1275305026842361,300,6.160546899998735
scaling_10,5,greedy,18,2049,1364,66.56905807711078,300,False,1,61.4956,38599,319767,1067,91,23,4876,0.2559834065397754,300,3.983924299998762
scaling_10,5,greedy,19,2034,1997,98.18092428711898,105,True,0,27.067270992366414,4561,67544,304,0,0,1902,0.6172664700098327,105,1.3180233000020962
scaling_10,5,greedy,20,2005,1587,79.15211970074813,275,True,1,46.5,337786,608738,923,122,26,4498,0.3607315045719035,275,6.301920499998232
scaling_10,5,greedy,21,2000,927,46.35,300,False,1,48.8084,66639,449740,1018,70,21,4810,0.11445,300,4.720215800000005
scaling_10,5,greedy,22,2060,217,10.533980582524272,300,False,1,41.916,57882,286725,869,211,29,4742,-0.1362621359223301,300,3.662593999997626
scaling_10,5,greedy,23,2019,419,20.752847944526994,300,False,1,47.806,179216,637978,986,126,20,4831,-0.064730064388311,300,5.888131000003341
scaling_10,5,greedy,24,2006,1625,81.00697906281157,190,True,1,68.3816,392728,471219,541,92,19,3212,0.4303821867730142,190,5.478690699997969
scaling_10,5,greedy,25,2050,1780,86.82926829268293,275,True,1,56.0344,91758,263454,796,79,17,4785,0.4144715447154471,275,3.571164000000863
scaling_10,5,greedy,26,2054,533,25.949367088607595,300,False,1,46.0236,35467,281573,1115,148,19,4890,-0.0283544303797468,300,3.706578799999989
scaling_10,5,greedy,27,2072,1733,83.63899613899613,300,False,1,53.1648,722876,904298,1002,44,17,5155,0.3754729729729729,300,9.868340299999543
scaling_10,5,greedy,28,2050,365,17.804878048780488,300,False,3,60.3072,35309,257600,805,143,24,4587,-0.1053658536585366,300,3.652658999999403
scaling_10,5,greedy,29,2005,1472,73.41645885286783,291,True,2,61.7288,45655,337944,940,106,26,4773,0.2999152119700747,291,3.623845600002824
scaling_10,5,auction,0,2061,1587,77.00145560407569,300,False,0,48.8892,73429,522099,1137,102,27,6623,0.3390101892285297,300,4.797073400000954
scaling_10,5,auction,1,1988,1458,73.34004024144869,300,False,1,60.55702280912365,76065,534355,1608,81,30,6102,0.3033802816901408,300,4.959752900002059
scaling_10,5,auction,2,2002,2001,99.95004995004994,20,True,0,3.503957783641161,1044,8935,33,0,0,339,0.6863170163170162,20,0.2038004000023647
scaling_10,5,auction,3,2049,836,40.80039043435822,300,False,0,38.534,126459,583100,1167,135,27,5986,0.0856027330405075,300,5.802305299999716
scaling_10,5,auction,4,2018,1421,70.41625371655104,300,False,1,50.9648,88281,574623,1367,100,22,6389,0.2829137760158572,300,5.514072300000407
scaling_10,5,auction,5,2016,508,25.1984126984127,300,False,1,49.4656,137067,639981,1016,123,37,5540,-0.0336111111111111,300,6.103485899999214
scaling_10,5,auction,6,2047,1270,62.04201270151441,300,False,3,58.6848,83278,535324,1116,100,28,5128,0.2042940889106008,300,4.961627500000759
scaling_10,5,auction,7,2006,740,36.88933200398804,300,False,0,51.608,131556,736510,1545,148,36,6436,0.0582253240279161,300,6.277097800000774
scaling_10,5,auction,8,2026,684,33.761105626850934,300,False,2,46.206,124900,532279,1085,136,22,5280,0.0163277393879565,300,5.364832799998112
scaling_10,5,auction,9,2046,1217,59.48191593352884,300,False,2,51.4956,102765,591291,1095,76,19,5262,0.1963734115347018,300,5.252282500001456
scaling_10,5,auction,10,2052,529,25.77972709551657,300,False,1,47.5248,240375,665758,1124,93,23,5556,-0.029541910331384,300,6.806797099998221
scaling_10,5,auction,11,2052,1092,53.21637426900585,300,False,1,56.9676,144385,975650,1502,93,22,6036,0.1625146198830409,300,7.284522599999036
scaling_10,5,auction,12,1992,1870,93.87550200803211,181,True,0,50.0596,41969,281832,762,22,7,3850,0.5364618473895582,181,2.995951199998672
scaling_10,5,auction,13,2006,1441,71.8344965104686,300,False,1,62.8356,831951,1768890,1607,55,8,6121,0.29284147557328,300,11.662328200000047
scaling_10,5,auction,14,2014,1425,70.75471698113208,300,False,4,53.6324,47800,206005,856,112,20,4690,0.2552830188679245,300,2.8780955000001995
scaling_10,5,auction,15,1995,814,40.80200501253133,300,False,1,50.4324,79740,384107,1248,108,34,5549,0.0756140350877192,300,4.325521999999182
scaling_10,5,auction,16,2051,261,12.72549975621648,300,False,1,42.8428,73256,473354,1237,234,33,6330,-0.1209215017064846,300,4.425745799999277
scaling_10,5,auction,17,2049,1082,52.80624694973157,300,False,3,48.6028,44360,279951,1057,197,33,5832,0.139643728648121,300,3.3360706999992544
scaling_10,5,auction,18,2049,1321,64.47047340165935,296,True,1,56.5464,150770,550993,1262,94,22,5713,0.243959980478282,296,4.907542299999477
scaling_10,5,auction,19,2034,1997,98.18092428711898,105,True,0,27.067270992366414,4561,67544,304,0,0,1902,0.6172664700098327,105,0.7010104000000865
scaling_10,5,auction,20,2005,1646,82.09476309226933,265,True,1,48.0364,65793,405443,986,126,22,5646,0.3879966749792186,265,3.505822300001455
scaling_10,5,auction,21,2000,925,46.25,300,False,0,44.5012,101583,532910,1121,67,20,5245,0.1237499999999999,300,2.8464090999987093
scaling_10,5,auction,22,2060,197,9.563106796116504,300,False,2,58.33,96418,497404,1036,186,27,5727,-0.1530582524271845,300,3.290829499997926
scaling_10,5,auction,23,2019,129,6.389301634472512,300,False,2,45.4792,86177,470586,971,123,19,6059,-0.1752748885586924,300,3.26598709999962
scaling_10,5,auction,24,2006,1371,68.34496510468594,300,False,1,48.6756,739787,1266453,1700,119,26,6488,0.2684147557328015,300,9.440221399996515
scaling_10,5,auction,25,2050,1719,83.85365853658537,300,False,1,54.608,142765,607580,1333,83,25,6869,0.3769756097560975,300,2.980370799999946
scaling_10,5,auction,26,2054,573,27.89678675754625,300,False,2,48.4232,60476,402694,1025,150,21,5501,-0.0247224926971762,300,3.8877671000009286
scaling_10,5,auction,27,2072,1850,89.28571428571429,148,True,1,59.715886354541816,103245,402060,670,26,10,3026,0.5163333333333333,148,3.522071800001868
scaling_10,5,auction,28,2050,468,22.82926829268293,300,False,0,47.3976,99829,494445,1178,110,20,5994,-0.0401951219512195,300,4.941467099997681
scaling_10,5,auction,29,2005,1453,72.46882793017457,300,False,1,67.0508,97444,860754,1572,111,36,6984,0.2972817955112218,300,4.4042781999996805
river,6,independent,0,2078,1340,64.48508180943215,300,False,0,127.16481785373074,4220,16825,1349,0,0,1718,0.2513955726660249,300,2.447025400000712
river,6,independent,1,2089,1696,81.18717089516515,300,False,0,127.16481785373074,4220,16825,1349,0,0,1718,0.3683101962661559,300,2.517122299999756
river,6,independent,2,2067,1705,82.48669569424287,300,False,0,127.16481785373074,4220,16825,1349,0,0,1718,0.3774068698597,300,1.6542292000012822
river,6,independent,3,2087,1378,66.02779108768567,300,False,0,127.16481785373074,4220,16825,1349,0,0,1718,0.2621945376137997,300,1.2720111999988148
river,6,independent,4,2075,1268,61.10843373493976,300,False,0,127.16481785373074,4220,16825,1349,0,0,1718,0.2277590361445782,300,1.4322191999999632
river,6,independent,5,2093,1266,60.48733874820832,300,False,0,127.16481785373074,4220,16825,1349,0,0,1718,0.2234113712374581,300,1.2957921999986866
river,6,independent,6,2075,1136,54.74698795180723,300,False,0,127.16481785373074,4220,16825,1349,0,0,1718,0.1832289156626505,300,1.288843899998028
river,6,independent,7,2079,1244,59.83645983645984,300,False,0,127.16481785373074,4220,16825,1349,0,0,1718,0.2188552188552188,300,1.8059200999996392
river,6,independent,8,2145,1402,65.36130536130536,300,False,0,127.16481785373074,4220,16825,1349,0,0,1718,0.2575291375291375,300,1.2913503000017954
river,6,independent,9,2106,2099,99.667616334283,50,True,0,21.80381620280496,697,2015,221,0,0,295,0.6643399810066477,50,0.2230485000000044
river,6,independent,10,2060,1119,54.320388349514566,300,False,0,127.16481785373074,4220,16825,1349,0,0,1718,0.1802427184466019,300,1.296568000001571
river,6,independent,11,2115,1466,69.31442080378251,300,False,0,127.16481785373074,4220,16825,1349,0,0,1718,0.2852009456264775,300,2.4594963999988977
river,6,independent,12,2083,1107,53.14450312049928,300,False,0,127.16481785373074,4220,16825,1349,0,0,1718,0.1720115218434948,300,1.7861362999974515
river,6,independent,13,2103,1126,53.54255825011888,300,False,0,127.16481785373074,4220,16825,1349,0,0,1718,0.1747979077508321,300,2.519992100002128
river,6,independent,14,2086,1278,61.26558005752637,300,False,0,127.16481785373074,4220,16825,1349,0,0,1718,0.2288590604026845,300,2.333450600002834
river,6,independent,15,2089,1165,55.76831019626616,300,False,0,127.16481785373074,4220,16825,1349,0,0,1718,0.1903781713738631,300,2.564599499997712
river,6,independent,16,2077,1122,54.02022147327877,300,False,0,127.16481785373074,4220,16825,1349,0,0,1718,0.1781415503129513,300,2.5053823000016564
river,6,independent,17,2095,1139,54.36754176610979,300,False,0,127.16481785373074,4220,16825,1349,0,0,1718,0.1805727923627684,300,2.5387211999986903
river,6,independent,18,2069,1389,67.13388110198163,300,False,0,127.16481785373074,4220,16825,1349,0,0,1718,0.2699371677138714,300,2.594930499999464
river,6,independent,19,2083,1189,57.081132981277,300,False,0,127.16481785373074,4220,16825,1349,0,0,1718,0.1995679308689389,300,2.5012252000015
river,6,independent,20,2063,1882,91.22636936500244,300,False,0,127.16481785373074,4220,16825,1349,0,0,1718,0.4385845855550169,300,2.543726699997933
river,6,independent,21,2078,1770,85.17805582290664,300,False,0,127.16481785373074,4220,16825,1349,0,0,1718,0.3962463907603464,300,2.5714348000001337
river,6,independent,22,2106,1123,53.32383665716999,300,False,0,127.16481785373074,4220,16825,1349,0,0,1718,0.1732668566001898,300,2.480884900000092
river,6,independent,23,2096,1118,53.33969465648855,300,False,0,127.16481785373074,4220,16825,1349,0,0,1718,0.1733778625954197,300,2.546724700001505
river,6,independent,24,2089,1624,77.74054571565343,300,False,0,127.16481785373074,4220,16825,1349,0,0,1718,0.3441838200095738,300,2.54845490000298
river,6,independent,25,2081,1686,81.0187409899087,300,False,0,127.16481785373074,4220,16825,1349,0,0,1718,0.3671311869293608,300,2.5102105000005395
river,6,independent,26,2082,1257,60.37463976945245,300,False,0,127.16481785373074,4220,16825,1349,0,0,1718,0.2226224783861671,300,2.5877475000015693
river,6,independent,27,2099,1490,70.98618389709385,300,False,0,127.16481785373074,4220,16825,1349,0,0,1718,0.296903287279657,300,2.543635500001983
river,6,independent,28,2054,1059,51.55793573515093,300,False,0,127.16481785373074,4220,16825,1349,0,0,1718,0.1609055501460564,300,2.5256096000011894
river,6,independent,29,2075,1094,52.72289156626506,300,False,0,127.16481785373074,4220,16825,1349,0,0,1718,0.1690602409638554,300,2.53581000000122
river,6,greedy,0,2078,1513,72.81039461020212,300,False,0,65.1352,13333,111406,436,92,22,3416,0.3096727622714147,300,1.9994841000007
river,6,greedy,1,2089,1994,95.45236955481091,162,True,0,59.304,3955,39368,200,16,4,1873,0.5601665868836764,162,1.0239439999968454
river,6,greedy,2,2067,1952,94.43638122883408,125,True,0,49.81922760887428,3959,40064,217,17,3,1512,0.577721335268505,125,0.8910281999997096
river,6,greedy,3,2087,1502,71.96933397220891,300,False,0,52.8604,13435,99030,659,92,18,3465,0.3037853378054624,300,2.1546393999997235
river,6,greedy,4,2075,1566,75.46987951807229,300,False,2,58.1868,15032,127149,425,82,14,3458,0.288289156626506,300,2.150419499997952
river,6,greedy,5,2093,1371,65.50406115623507,300,False,0,62.1608,15949,122321,542,61,13,3400,0.2585284280936454,300,2.0971706000018457
river,6,greedy,6,2075,1225,59.036144578313255,300,False,0,54.37885462555066,306085,418173,604,44,12,3457,0.2132530120481927,300,5.115650900002947
river,6,greedy,7,2079,1527,73.44877344877345,300,False,0,58.5012,13702,114258,595,82,22,3369,0.3141414141414141,300,2.181383499999356
river,6,greedy,8,2145,1752,81.67832167832168,300,True,0,52.826,31933,126582,510,49,17,3514,0.3717482517482517,300,2.2363300000033632
river,6,greedy,9,2106,2099,99.667616334283,50,True,0,14.525510204081632,646,7039,62,0,0,595,0.6643399810066477,50,0.3189187999996647
river,6,greedy,10,2060,1140,55.33980582524272,300,False,1,57.128,15100,134938,480,46,10,3088,0.1673786407766989,300,2.1617685000019264
river,6,greedy,11,2115,1559,73.71158392434988,300,False,0,58.28,16690,127439,517,81,20,3420,0.3159810874704491,300,2.135079099996801
river,6,greedy,12,2083,1225,58.80940950552088,300,False,1,62.4332,14781,111683,455,73,14,3263,0.1916658665386461,300,2.091219400001137
river,6,greedy,13,2103,1524,72.4679029957204,214,True,1,61.3937575030012,15743,98346,308,59,18,2387,0.344608654303376,214,1.7099588999990374
river,6,greedy,14,2086,1357,65.05273250239694,300,False,1,65.60184073629452,201706,270019,386,60,13,3275,0.2353691275167785,300,3.737594499998522
river,6,greedy,15,2089,1189,56.9171852561034,300,False,0,56.4376,159043,293055,589,43,10,3357,0.1984202967927237,300,3.74170160000358
river,6,greedy,16,2077,1127,54.260953298026,300,False,2,53.7504,13017,100523,437,42,9,2926,0.139826673086182,300,2.116737899999862
river,6,greedy,17,2095,1224,58.42482100238664,285,True,0,47.2176,18933,225921,614,69,14,3210,0.2189737470167064,285,2.6784797000000253
river,6,greedy,18,2069,1751,84.63025616239729,206,True,0,63.576,6665,57202,409,39,9,2370,0.4550784598034476,206,1.3644290999982331
river,6,greedy,19,2083,1299,62.36197791646664,300,False,3,56.8388,16989,89577,458,80,17,3294,0.1765338454152664,300,1.8908238999974856
river,6,greedy,20,2063,1979,95.92825981580224,148,True,0,62.802,2344,34339,225,4,3,1727,0.5728311520439489,148,0.9279021000002105
river,6,greedy,21,2078,1928,92.781520692974,125,True,0,50.66005067567568,6384,48631,190,7,7,1514,0.5661373115174847,125,0.8852671999993618
river,6,greedy,22,2106,1126,53.466286799620136,300,False,1,47.1124,175915,239534,492,56,12,3259,0.1542640075973408,300,3.651976899996953
river,6,greedy,23,2096,1361,64.93320610687023,300,False,0,53.248,19385,133880,492,68,17,3343,0.2545324427480916,300,2.1861755999998422
river,6,greedy,24,2089,1764,84.44231689803733,300,False,1,56.9312,10869,89119,454,62,18,3474,0.3710962182862613,300,1.9405187999982445
river,6,greedy,25,2081,1789,85.96828447861606,215,True,0,48.698,5482,62985,334,17,5,2511,0.458444658016979,215,1.3724078999985068
river,6,greedy,26,2082,1466,70.41306436119116,300,False,1,54.092,32983,114791,486,59,10,3334,0.272891450528338,300,2.185715399999026
river,6,greedy,27,2099,1658,78.98999523582658,300,True,0,60.332,11972,111690,576,49,13,3478,0.3529299666507861,300,2.000043300002289
river,6,greedy,28,2054,1170,56.962025316455694,300,False,0,51.78494193031638,14920,111929,576,47,20,3421,0.1987341772151898,300,2.224854899999628
river,6,greedy,29,2075,1117,53.83132530120482,300,False,0,51.096,14474,154532,582,74,16,3410,0.1768192771084337,300,2.3941414000000805
river,6,auction,0,2078,1861,89.55726660250241,169,True,0,60.258,14887,97286,299,39,9,2062,0.5142341995508501,169,1.3787311000014597
river,6,auction,1,2089,1894,90.6653901388224,300,False,1,72.152,10492,84317,439,29,10,3394,0.4146577309717567,300,1.779502400000638
river,6,auction,2,2067,1951,94.38800193517174,125,True,0,49.93837304847987,7294,60675,242,19,4,1639,0.5773826802128689,125,0.9613922999997158
river,6,auction,3,2087,1666,79.82750359367513,300,False,1,69.3328,23378,143287,656,73,14,3888,0.3387925251557258,300,2.247363399997994
river,6,auction,4,2075,1567,75.51807228915662,300,False,1,56.5288,37130,183074,533,76,17,3744,0.3086265060240963,300,2.518339100002777
river,6,auction,5,2093,1333,63.68848542761586,300,False,0,56.6684,268506,513556,809,51,18,3914,0.2458193979933109,300,5.177885400000378
river,6,auction,6,2075,1134,54.65060240963855,300,False,0,67.2052,135652,319001,636,67,12,3593,0.1825542168674698,300,3.940427400000772
river,6,auction,7,2079,1596,76.76767676767676,300,False,0,52.4116,30064,193244,626,54,15,3737,0.3373737373737372,300,2.5615842000006523
river,6,auction,8,2145,1522,70.95571095571096,300,False,0,58.2052,91329,281123,549,43,14,3776,0.2966899766899766,300,3.09867099999974
river,6,auction,9,2106,2099,99.667616334283,50,True,0,14.525510204081632,646,7039,62,0,0,595,0.6643399810066477,50,0.3264196000018273
river,6,auction,10,2060,1274,61.84466019417476,300,False,1,57.8332,20554,108667,475,38,9,3212,0.2129126213592233,300,2.112989099998231
river,6,auction,11,2115,1530,72.34042553191489,300,False,1,60.8616,20014,120274,648,73,17,3524,0.2863829787234042,300,2.25460149999708
river,6,auction,12,2083,1188,57.033125300048006,300,False,0,55.3308,32858,162005,524,78,13,3703,0.199231877100336,300,2.5123461000002862
river,6,auction,13,2103,1396,66.3813599619591,300,False,0,52.2264,35787,264088,689,55,11,3478,0.2646695197337137,300,2.931117100000847
river,6,auction,14,2086,1405,67.35378715244487,300,False,0,54.7548,35747,187897,583,64,16,3785,0.271476510067114,300,2.533497099997476
river,6,auction,15,2089,1194,57.15653422690283,300,False,1,60.5624,70879,178608,608,58,11,3348,0.1800957395883197,300,2.8426726999969105
river,6,auction,16,2077,1137,54.74241694752046,300,False,2,49.5828,13664,78944,459,44,14,2996,0.1431969186326432,300,1.9436838000001444
river,6,auction,17,2095,1165,55.60859188544153,300,True,0,48.6276,36219,259592,674,68,15,3629,0.1892601431980906,300,3.050021099999867
river,6,auction,18,2069,1619,78.25036249395843,300,False,0,44.8576,25799,153645,698,45,13,3850,0.347752537457709,300,2.4498085000013816
river,6,auction,19,2083,1203,57.75324051848296,300,False,0,47.364,33117,171914,613,94,14,3824,0.2042726836293807,300,2.5037568000007013
river,6,auction,20,2063,1978,95.8797867183713,148,True,0,62.8148,3725,44351,244,4,4,1761,0.5724918403619325,148,1.0624649999990652
river,6,auction,21,2078,1925,92.6371511068335,135,True,0,57.09371245494594,12110,84361,291,6,9,1843,0.5584600577478345,135,1.1672818000006373
river,6,auction,22,2106,1124,53.37132003798671,300,False,1,55.4368,108561,230202,585,126,7,3827,0.1535992402659068,300,3.1719353000007686
river,6,auction,23,2096,1145,54.62786259541985,300,False,0,56.0512,31225,176408,510,71,13,3523,0.1823950381679389,300,2.53600219999862
river,6,auction,24,2089,1767,84.585926280517,298,True,0,56.754,18022,118937,524,51,24,3791,0.3934348172969523,298,2.0606786999996984
river,6,auction,25,2081,1786,85.82412301777991,215,True,0,48.7292,8842,74474,415,15,6,2597,0.457435527791126,215,1.5380532999988643
river,6,auction,26,2082,1418,68.10758885686839,300,False,0,57.2796,32783,337429,674,86,12,4071,0.2767531219980787,300,2.892595799999981
river,6,auction,27,2099,1606,76.51262505955216,300,False,0,60.4516,15068,138658,590,33,12,3767,0.3355883754168651,300,2.1239260000002105
river,6,auction,28,2054,1096,53.35929892891918,300,False,0,52.8388,30260,202050,626,51,14,3711,0.1735150925024342,300,2.583729300000414
river,6,auction,29,2075,1107,53.34939759036145,300,True,0,59.01,31902,212510,554,81,27,3765,0.1734457831325301,300,2.776553100000456
